,Unnamed: 0,Week,ClientName,empty,numbers,short_number,Total,source_file,alphanumeric,signs
0,31,2024-16,Etelix Net,23656.0,,,23656,Customer_by_SrcNumberRoute_pt2024-04-22 00:00:00to2024-04-22 00:00:00.xlsx,,
1,17,2024-16,Belgacom,10800.0,3.0,1.0,10804,Customer_by_SrcNumberRoute_pt2024-04-22 00:00:00to2024-04-22 00:00:00.xlsx,,
2,6,2024-16,AIRTEL Silver Trunk,4255.0,,,4255,Customer_by_SrcNumberRoute_pt2024-04-22 00:00:00to2024-04-22 00:00:00.xlsx,,
3,33,2024-16,Flow Jamaica Columbus Networks,324.0,3402.0,52.0,3778,Customer_by_SrcNumberRoute_pt2024-04-22 00:00:00to2024-04-22 00:00:00.xlsx,,
4,13,2024-16,Ariatel,1109.0,2006.0,10.0,3125,Customer_by_SrcNumberRoute_pt2024-04-22 00:00:00to2024-04-22 00:00:00.xlsx,,
5,73,2024-16,Peerless Network CUSTOMER,2453.0,,6.0,2459,Customer_by_SrcNumberRoute_pt2024-04-22 00:00:00to2024-04-22 00:00:00.xlsx,,
6,43,2024-16,Ibasis Global Inc,1735.0,,12.0,1747,Customer_by_SrcNumberRoute_pt2024-04-22 00:00:00to2024-04-22 00:00:00.xlsx,,
7,49,2024-16,Impact Telecom,1566.0,,,1566,Customer_by_SrcNumberRoute_pt2024-04-22 00:00:00to2024-04-22 00:00:00.xlsx,,
8,9,2024-16,AT&T Corp,1360.0,95.0,1.0,1456,Customer_by_SrcNumberRoute_pt2024-04-22 00:00:00to2024-04-22 00:00:00.xlsx,,
9,28,2024-16,Deutsche Telecom,1127.0,,,1127,Customer_by_SrcNumberRoute_pt2024-04-22 00:00:00to2024-04-22 00:00:00.xlsx,,
10,36,2024-16,GmTelecom,912.0,,40.0,952,Customer_by_SrcNumberRoute_pt2024-04-22 00:00:00to2024-04-22 00:00:00.xlsx,,
11,89,2024-16,Telin Neutrafix,861.0,,,861,Customer_by_SrcNumberRoute_pt2024-04-22 00:00:00to2024-04-22 00:00:00.xlsx,,
12,88,2024-16,Tata Communications Inc.,668.0,,,668,Customer_by_SrcNumberRoute_pt2024-04-22 00:00:00to2024-04-22 00:00:00.xlsx,,
13,20,2024-16,Cable Bahamas,604.0,19.0,4.0,627,Customer_by_SrcNumberRoute_pt2024-04-22 00:00:00to2024-04-22 00:00:00.xlsx,,
14,30,2024-16,Digicel,618.0,5.0,,623,Customer_by_SrcNumberRoute_pt2024-04-22 00:00:00to2024-04-22 00:00:00.xlsx,,
15,29,2024-16,Dial Tel PTE. LTD PREM,569.0,,,569,Customer_by_SrcNumberRoute_pt2024-04-22 00:00:00to2024-04-22 00:00:00.xlsx,,
16,10,2024-16,Alcasagar,520.0,1.0,,521,Customer_by_SrcNumberRoute_pt2024-04-22 00:00:00to2024-04-22 00:00:00.xlsx,,
17,56,2024-16,Liberty Communications of Puerto Rico,82.0,284.0,49.0,415,Customer_by_SrcNumberRoute_pt2024-04-22 00:00:00to2024-04-22 00:00:00.xlsx,,
18,40,2024-16,IDT,382.0,,1.0,383,Customer_by_SrcNumberRoute_pt2024-04-22 00:00:00to2024-04-22 00:00:00.xlsx,,
19,37,2024-16,GmTelecom LLA,362.0,,,362,Customer_by_SrcNumberRoute_pt2024-04-22 00:00:00to2024-04-22 00:00:00.xlsx,,
20,26,2024-16,Computer Tel Inc,310.0,,,310,Customer_by_SrcNumberRoute_pt2024-04-22 00:00:00to2024-04-22 00:00:00.xlsx,,
21,87,2024-16,Tata Communications Inc LLA,280.0,3.0,,283,Customer_by_SrcNumberRoute_pt2024-04-22 00:00:00to2024-04-22 00:00:00.xlsx,,
22,53,2024-16,Latinatel,251.0,,,251,Customer_by_SrcNumberRoute_pt2024-04-22 00:00:00to2024-04-22 00:00:00.xlsx,,
23,65,2024-16,Orange FRANCE,202.0,3.0,,205,Customer_by_SrcNumberRoute_pt2024-04-22 00:00:00to2024-04-22 00:00:00.xlsx,,
24,52,2024-16,Last Mile Corp,179.0,,,179,Customer_by_SrcNumberRoute_pt2024-04-22 00:00:00to2024-04-22 00:00:00.xlsx,,
25,71,2024-16,PCCW Global UK Limited ,147.0,,1.0,148,Customer_by_SrcNumberRoute_pt2024-04-22 00:00:00to2024-04-22 00:00:00.xlsx,,
26,4,2024-16,ADC s.r.l.,146.0,,,146,Customer_by_SrcNumberRoute_pt2024-04-22 00:00:00to2024-04-22 00:00:00.xlsx,,
27,50,2024-16,Ipbtel,132.0,,,132,Customer_by_SrcNumberRoute_pt2024-04-22 00:00:00to2024-04-22 00:00:00.xlsx,,
28,34,2024-16,Flow Jamaica Columbus Networks DID,124.0,,,124,Customer_by_SrcNumberRoute_pt2024-04-22 00:00:00to2024-04-22 00:00:00.xlsx,,
29,97,2024-16,Verizon,106.0,16.0,,122,Customer_by_SrcNumberRoute_pt2024-04-22 00:00:00to2024-04-22 00:00:00.xlsx,,
30,82,2024-16,T-Mobile,91.0,29.0,,120,Customer_by_SrcNumberRoute_pt2024-04-22 00:00:00to2024-04-22 00:00:00.xlsx,,
31,75,2024-16,Qxtel Limited,99.0,,19.0,118,Customer_by_SrcNumberRoute_pt2024-04-22 00:00:00to2024-04-22 00:00:00.xlsx,,
32,80,2024-16,Sinch,105.0,,1.0,106,Customer_by_SrcNumberRoute_pt2024-04-22 00:00:00to2024-04-22 00:00:00.xlsx,,
33,64,2024-16,ODD Holding Ltd,99.0,,,99,Customer_by_SrcNumberRoute_pt2024-04-22 00:00:00to2024-04-22 00:00:00.xlsx,,
34,41,2024-16,IDT LLA,95.0,,1.0,96,Customer_by_SrcNumberRoute_pt2024-04-22 00:00:00to2024-04-22 00:00:00.xlsx,,
35,55,2024-16,Ld Telecom Nexogy,82.0,,,82,Customer_by_SrcNumberRoute_pt2024-04-22 00:00:00to2024-04-22 00:00:00.xlsx,,
36,93,2024-16,Twilio,66.0,,15.0,81,Customer_by_SrcNumberRoute_pt2024-04-22 00:00:00to2024-04-22 00:00:00.xlsx,,
37,69,2024-16,Orbitel - UNE,55.0,1.0,,56,Customer_by_SrcNumberRoute_pt2024-04-22 00:00:00to2024-04-22 00:00:00.xlsx,,
38,67,2024-16,Orange Telecom,54.0,,,54,Customer_by_SrcNumberRoute_pt2024-04-22 00:00:00to2024-04-22 00:00:00.xlsx,,
39,32,2024-16,Etisalat,6.0,30.0,12.0,48,Customer_by_SrcNumberRoute_pt2024-04-22 00:00:00to2024-04-22 00:00:00.xlsx,,
40,15,2024-16,BTS,46.0,,,46,Customer_by_SrcNumberRoute_pt2024-04-22 00:00:00to2024-04-22 00:00:00.xlsx,,
41,3,2024-16,A - Z Identidad Telecom,,,41.0,41,Customer_by_SrcNumberRoute_pt2024-04-22 00:00:00to2024-04-22 00:00:00.xlsx,,
42,84,2024-16,TIWS,39.0,1.0,,40,Customer_by_SrcNumberRoute_pt2024-04-22 00:00:00to2024-04-22 00:00:00.xlsx,,
43,46,2024-16,Identidad Promo JM CLIENTE,20.0,14.0,6.0,40,Customer_by_SrcNumberRoute_pt2024-04-22 00:00:00to2024-04-22 00:00:00.xlsx,,
44,54,2024-16,Latino Communications,40.0,,,40,Customer_by_SrcNumberRoute_pt2024-04-22 00:00:00to2024-04-22 00:00:00.xlsx,,
45,78,2024-16,RSCom,35.0,1.0,,36,Customer_by_SrcNumberRoute_pt2024-04-22 00:00:00to2024-04-22 00:00:00.xlsx,,
46,58,2024-16,Mada,30.0,1.0,2.0,33,Customer_by_SrcNumberRoute_pt2024-04-22 00:00:00to2024-04-22 00:00:00.xlsx,,
47,18,2024-16,Bezeq International,32.0,,,32,Customer_by_SrcNumberRoute_pt2024-04-22 00:00:00to2024-04-22 00:00:00.xlsx,,
48,79,2024-16,Raza Telecom,31.0,,,31,Customer_by_SrcNumberRoute_pt2024-04-22 00:00:00to2024-04-22 00:00:00.xlsx,,
49,59,2024-16,Modulus,31.0,,,31,Customer_by_SrcNumberRoute_pt2024-04-22 00:00:00to2024-04-22 00:00:00.xlsx,,
50,77,2024-16,Qxtel Limited LLA_DID CUSTOMER,29.0,,,29,Customer_by_SrcNumberRoute_pt2024-04-22 00:00:00to2024-04-22 00:00:00.xlsx,,
51,103,2024-16,Zoomtel LLC Gold,13.0,,15.0,28,Customer_by_SrcNumberRoute_pt2024-04-22 00:00:00to2024-04-22 00:00:00.xlsx,,
52,76,2024-16,Qxtel Limited LLA,8.0,15.0,,23,Customer_by_SrcNumberRoute_pt2024-04-22 00:00:00to2024-04-22 00:00:00.xlsx,,
53,101,2024-16,VoxCarrier Limited,19.0,,,19,Customer_by_SrcNumberRoute_pt2024-04-22 00:00:00to2024-04-22 00:00:00.xlsx,,
54,72,2024-16,PLDT,17.0,,,17,Customer_by_SrcNumberRoute_pt2024-04-22 00:00:00to2024-04-22 00:00:00.xlsx,,
55,63,2024-16,Nobel Globe,17.0,,,17,Customer_by_SrcNumberRoute_pt2024-04-22 00:00:00to2024-04-22 00:00:00.xlsx,,
56,47,2024-16,Identidad Promo JM HT CLIENTE,10.0,3.0,3.0,16,Customer_by_SrcNumberRoute_pt2024-04-22 00:00:00to2024-04-22 00:00:00.xlsx,,
57,38,2024-16,Graycom Special,9.0,3.0,3.0,15,Customer_by_SrcNumberRoute_pt2024-04-22 00:00:00to2024-04-22 00:00:00.xlsx,,
58,39,2024-16,Group of Goldline,14.0,,,14,Customer_by_SrcNumberRoute_pt2024-04-22 00:00:00to2024-04-22 00:00:00.xlsx,,
59,99,2024-16,Vodafone Ltd,13.0,1.0,,14,Customer_by_SrcNumberRoute_pt2024-04-22 00:00:00to2024-04-22 00:00:00.xlsx,,
60,92,2024-16,Turk Telekom International,7.0,3.0,3.0,13,Customer_by_SrcNumberRoute_pt2024-04-22 00:00:00to2024-04-22 00:00:00.xlsx,,
61,1,2024-16,10Tel LLC CUSTOMER,12.0,,,12,Customer_by_SrcNumberRoute_pt2024-04-22 00:00:00to2024-04-22 00:00:00.xlsx,,
62,81,2024-16,Sipstatus Corporation,12.0,,,12,Customer_by_SrcNumberRoute_pt2024-04-22 00:00:00to2024-04-22 00:00:00.xlsx,,
63,102,2024-16,Zaheen Telecom,10.0,,,10,Customer_by_SrcNumberRoute_pt2024-04-22 00:00:00to2024-04-22 00:00:00.xlsx,,
64,5,2024-16,AIRTEL Bronze Trunk,10.0,,,10,Customer_by_SrcNumberRoute_pt2024-04-22 00:00:00to2024-04-22 00:00:00.xlsx,,
65,96,2024-16,Verge Communications,10.0,,,10,Customer_by_SrcNumberRoute_pt2024-04-22 00:00:00to2024-04-22 00:00:00.xlsx,,
66,11,2024-16,Apelby,9.0,,,9,Customer_by_SrcNumberRoute_pt2024-04-22 00:00:00to2024-04-22 00:00:00.xlsx,,
67,25,2024-16,CommPeak,9.0,,,9,Customer_by_SrcNumberRoute_pt2024-04-22 00:00:00to2024-04-22 00:00:00.xlsx,,
68,22,2024-16,China Mobile International Ltd.,9.0,,,9,Customer_by_SrcNumberRoute_pt2024-04-22 00:00:00to2024-04-22 00:00:00.xlsx,,
69,27,2024-16,Computer Tel Inc USA,9.0,,,9,Customer_by_SrcNumberRoute_pt2024-04-22 00:00:00to2024-04-22 00:00:00.xlsx,,
70,70,2024-16,Oteglobe,5.0,,4.0,9,Customer_by_SrcNumberRoute_pt2024-04-22 00:00:00to2024-04-22 00:00:00.xlsx,,
71,7,2024-16,AMAZON DIDs CUSTOMER,9.0,,,9,Customer_by_SrcNumberRoute_pt2024-04-22 00:00:00to2024-04-22 00:00:00.xlsx,,
72,90,2024-16,Telmex USA,7.0,1.0,,8,Customer_by_SrcNumberRoute_pt2024-04-22 00:00:00to2024-04-22 00:00:00.xlsx,,
73,16,2024-16,BTS LLA,8.0,,,8,Customer_by_SrcNumberRoute_pt2024-04-22 00:00:00to2024-04-22 00:00:00.xlsx,,
74,48,2024-16,Identidad Promo JM SG CLIENTE ,7.0,,,7,Customer_by_SrcNumberRoute_pt2024-04-22 00:00:00to2024-04-22 00:00:00.xlsx,,
75,19,2024-16,CJC Global Connections Limited,7.0,,,7,Customer_by_SrcNumberRoute_pt2024-04-22 00:00:00to2024-04-22 00:00:00.xlsx,,
76,45,2024-16,Identidad Promo Airtel Customer,7.0,,,7,Customer_by_SrcNumberRoute_pt2024-04-22 00:00:00to2024-04-22 00:00:00.xlsx,,
77,57,2024-16,Look International Inc (Sinpin),6.0,,,6,Customer_by_SrcNumberRoute_pt2024-04-22 00:00:00to2024-04-22 00:00:00.xlsx,,
78,95,2024-16,VR Telecom S.L,,,6.0,6,Customer_by_SrcNumberRoute_pt2024-04-22 00:00:00to2024-04-22 00:00:00.xlsx,,
79,2,2024-16,382 Communications,6.0,,,6,Customer_by_SrcNumberRoute_pt2024-04-22 00:00:00to2024-04-22 00:00:00.xlsx,,
80,24,2024-16,Codetel,5.0,,,5,Customer_by_SrcNumberRoute_pt2024-04-22 00:00:00to2024-04-22 00:00:00.xlsx,,
81,21,2024-16,Cable Onda SA,5.0,,,5,Customer_by_SrcNumberRoute_pt2024-04-22 00:00:00to2024-04-22 00:00:00.xlsx,,
82,35,2024-16,Flow Jamaica Columbus Networks DID AMAZON,5.0,,,5,Customer_by_SrcNumberRoute_pt2024-04-22 00:00:00to2024-04-22 00:00:00.xlsx,,
83,104,2024-16,Zoomtel Platinum,2.0,,2.0,4,Customer_by_SrcNumberRoute_pt2024-04-22 00:00:00to2024-04-22 00:00:00.xlsx,,
84,23,2024-16,Cima Telecom,3.0,,1.0,4,Customer_by_SrcNumberRoute_pt2024-04-22 00:00:00to2024-04-22 00:00:00.xlsx,,
85,86,2024-16,TRIAR,3.0,,,3,Customer_by_SrcNumberRoute_pt2024-04-22 00:00:00to2024-04-22 00:00:00.xlsx,,
86,12,2024-16,Arelion U.S. Inc.,3.0,,,3,Customer_by_SrcNumberRoute_pt2024-04-22 00:00:00to2024-04-22 00:00:00.xlsx,,
87,85,2024-16,TNZI,3.0,,,3,Customer_by_SrcNumberRoute_pt2024-04-22 00:00:00to2024-04-22 00:00:00.xlsx,,
88,83,2024-16,TELECOM ITALIA USD,2.0,,,2,Customer_by_SrcNumberRoute_pt2024-04-22 00:00:00to2024-04-22 00:00:00.xlsx,,
89,42,2024-16,IPBtel DID (C3NTRO) Customer,2.0,,,2,Customer_by_SrcNumberRoute_pt2024-04-22 00:00:00to2024-04-22 00:00:00.xlsx,,
90,100,2024-16,Voiptel Lp,2.0,,,2,Customer_by_SrcNumberRoute_pt2024-04-22 00:00:00to2024-04-22 00:00:00.xlsx,,
91,14,2024-16,Atheeb,2.0,,,2,Customer_by_SrcNumberRoute_pt2024-04-22 00:00:00to2024-04-22 00:00:00.xlsx,,
92,74,2024-16,Phonetic Limited USD,2.0,,,2,Customer_by_SrcNumberRoute_pt2024-04-22 00:00:00to2024-04-22 00:00:00.xlsx,,
93,61,2024-16,Netconnect,2.0,,,2,Customer_by_SrcNumberRoute_pt2024-04-22 00:00:00to2024-04-22 00:00:00.xlsx,,
94,94,2024-16,Unlimited Recharge,2.0,,,2,Customer_by_SrcNumberRoute_pt2024-04-22 00:00:00to2024-04-22 00:00:00.xlsx,,
95,68,2024-16,Orange Telecom USD - 10Tel,2.0,,,2,Customer_by_SrcNumberRoute_pt2024-04-22 00:00:00to2024-04-22 00:00:00.xlsx,,
96,66,2024-16,Orange Romania,2.0,,,2,Customer_by_SrcNumberRoute_pt2024-04-22 00:00:00to2024-04-22 00:00:00.xlsx,,
97,0,2024-16,10Tel LLC - ORG EUR,1.0,,,1,Customer_by_SrcNumberRoute_pt2024-04-22 00:00:00to2024-04-22 00:00:00.xlsx,,
98,62,2024-16,Network Ip,1.0,,,1,Customer_by_SrcNumberRoute_pt2024-04-22 00:00:00to2024-04-22 00:00:00.xlsx,,
99,91,2024-16,Trilogy Dominicana S.A.,1.0,,,1,Customer_by_SrcNumberRoute_pt2024-04-22 00:00:00to2024-04-22 00:00:00.xlsx,,
100,60,2024-16,NGN Corp CLI,,1.0,,1,Customer_by_SrcNumberRoute_pt2024-04-22 00:00:00to2024-04-22 00:00:00.xlsx,,
101,98,2024-16,Verscom,1.0,,,1,Customer_by_SrcNumberRoute_pt2024-04-22 00:00:00to2024-04-22 00:00:00.xlsx,,
102,51,2024-16,Lanck Telecom,1.0,,,1,Customer_by_SrcNumberRoute_pt2024-04-22 00:00:00to2024-04-22 00:00:00.xlsx,,
103,44,2024-16,Identidad Penetration Test CUSTOMER,1.0,,,1,Customer_by_SrcNumberRoute_pt2024-04-22 00:00:00to2024-04-22 00:00:00.xlsx,,
104,8,2024-16,ASIAAT,1.0,,,1,Customer_by_SrcNumberRoute_pt2024-04-22 00:00:00to2024-04-22 00:00:00.xlsx,,
105,70,2024-13,Raza Telecom,41951.0,,199.0,42150,Customer_by_SrcNumberRoute_pt2024-04-01 00:00:00to2024-04-01 00:00:00.xlsx,,
106,14,2024-13,Belgacom,8959.0,10.0,3.0,8972,Customer_by_SrcNumberRoute_pt2024-04-01 00:00:00to2024-04-01 00:00:00.xlsx,,
107,65,2024-13,Peerless Network CUSTOMER,7145.0,,1.0,7146,Customer_by_SrcNumberRoute_pt2024-04-01 00:00:00to2024-04-01 00:00:00.xlsx,,
108,11,2024-13,Ariatel,762.0,1423.0,,2185,Customer_by_SrcNumberRoute_pt2024-04-01 00:00:00to2024-04-01 00:00:00.xlsx,,
109,29,2024-13,Flow Jamaica Columbus Networks,202.0,1866.0,26.0,2094,Customer_by_SrcNumberRoute_pt2024-04-01 00:00:00to2024-04-01 00:00:00.xlsx,,
110,84,2024-13,Twilio,74.0,1779.0,3.0,1856,Customer_by_SrcNumberRoute_pt2024-04-01 00:00:00to2024-04-01 00:00:00.xlsx,,
111,27,2024-13,Etelix Net,1216.0,1.0,,1217,Customer_by_SrcNumberRoute_pt2024-04-01 00:00:00to2024-04-01 00:00:00.xlsx,,
112,7,2024-13,AT&T Corp,1159.0,20.0,1.0,1180,Customer_by_SrcNumberRoute_pt2024-04-01 00:00:00to2024-04-01 00:00:00.xlsx,,
113,28,2024-13,Etisalat,,760.0,59.0,819,Customer_by_SrcNumberRoute_pt2024-04-01 00:00:00to2024-04-01 00:00:00.xlsx,,
114,79,2024-13,Tata Communications Inc.,624.0,10.0,2.0,636,Customer_by_SrcNumberRoute_pt2024-04-01 00:00:00to2024-04-01 00:00:00.xlsx,,
115,51,2024-13,Liberty Communications of Puerto Rico,100.0,471.0,14.0,585,Customer_by_SrcNumberRoute_pt2024-04-01 00:00:00to2024-04-01 00:00:00.xlsx,,
116,17,2024-13,Cable Bahamas,475.0,8.0,,483,Customer_by_SrcNumberRoute_pt2024-04-01 00:00:00to2024-04-01 00:00:00.xlsx,,
117,24,2024-13,Deutsche Telecom,429.0,,,429,Customer_by_SrcNumberRoute_pt2024-04-01 00:00:00to2024-04-01 00:00:00.xlsx,,
118,32,2024-13,GmTelecom LLA,348.0,,,348,Customer_by_SrcNumberRoute_pt2024-04-01 00:00:00to2024-04-01 00:00:00.xlsx,,
119,58,2024-13,Orange FRANCE,279.0,21.0,2.0,302,Customer_by_SrcNumberRoute_pt2024-04-01 00:00:00to2024-04-01 00:00:00.xlsx,,
120,26,2024-13,Digicel,265.0,1.0,,266,Customer_by_SrcNumberRoute_pt2024-04-01 00:00:00to2024-04-01 00:00:00.xlsx,,
121,78,2024-13,Tata Communications Inc LLA,225.0,2.0,,227,Customer_by_SrcNumberRoute_pt2024-04-01 00:00:00to2024-04-01 00:00:00.xlsx,,
122,44,2024-13,Ipbtel,198.0,,,198,Customer_by_SrcNumberRoute_pt2024-04-01 00:00:00to2024-04-01 00:00:00.xlsx,,
123,46,2024-13,Last Mile Corp,173.0,2.0,,175,Customer_by_SrcNumberRoute_pt2024-04-01 00:00:00to2024-04-01 00:00:00.xlsx,,
124,63,2024-13,PCCW Global UK Limited ,154.0,3.0,,157,Customer_by_SrcNumberRoute_pt2024-04-01 00:00:00to2024-04-01 00:00:00.xlsx,,
125,39,2024-13,Ibasis Global Inc,151.0,,5.0,156,Customer_by_SrcNumberRoute_pt2024-04-01 00:00:00to2024-04-01 00:00:00.xlsx,,
126,73,2024-13,T-Mobile,125.0,27.0,,152,Customer_by_SrcNumberRoute_pt2024-04-01 00:00:00to2024-04-01 00:00:00.xlsx,,
127,43,2024-13,Impact Telecom,144.0,,1.0,145,Customer_by_SrcNumberRoute_pt2024-04-01 00:00:00to2024-04-01 00:00:00.xlsx,,
128,37,2024-13,IDT LLA,136.0,,1.0,137,Customer_by_SrcNumberRoute_pt2024-04-01 00:00:00to2024-04-01 00:00:00.xlsx,,
129,45,2024-13,Lanck Telecom,,126.0,,126,Customer_by_SrcNumberRoute_pt2024-04-01 00:00:00to2024-04-01 00:00:00.xlsx,,
130,12,2024-13,BTS,114.0,6.0,,120,Customer_by_SrcNumberRoute_pt2024-04-01 00:00:00to2024-04-01 00:00:00.xlsx,,
131,13,2024-13,BTS LLA,119.0,,,119,Customer_by_SrcNumberRoute_pt2024-04-01 00:00:00to2024-04-01 00:00:00.xlsx,,
132,48,2024-13,Latinatel,109.0,,,109,Customer_by_SrcNumberRoute_pt2024-04-01 00:00:00to2024-04-01 00:00:00.xlsx,,
133,6,2024-13,ASIAAT,35.0,,64.0,99,Customer_by_SrcNumberRoute_pt2024-04-01 00:00:00to2024-04-01 00:00:00.xlsx,,
134,50,2024-13,Ld Telecom Nexogy,72.0,,,72,Customer_by_SrcNumberRoute_pt2024-04-01 00:00:00to2024-04-01 00:00:00.xlsx,,
135,57,2024-13,ODD Holding Ltd,68.0,,,68,Customer_by_SrcNumberRoute_pt2024-04-01 00:00:00to2024-04-01 00:00:00.xlsx,,
136,88,2024-13,Verizon,60.0,4.0,,64,Customer_by_SrcNumberRoute_pt2024-04-01 00:00:00to2024-04-01 00:00:00.xlsx,,
137,25,2024-13,Dial Tel PTE. LTD PREM,62.0,,,62,Customer_by_SrcNumberRoute_pt2024-04-01 00:00:00to2024-04-01 00:00:00.xlsx,,
138,2,2024-13,ADC s.r.l.,57.0,,,57,Customer_by_SrcNumberRoute_pt2024-04-01 00:00:00to2024-04-01 00:00:00.xlsx,,
139,71,2024-13,Sinch,57.0,,,57,Customer_by_SrcNumberRoute_pt2024-04-01 00:00:00to2024-04-01 00:00:00.xlsx,,
140,3,2024-13,AIRTEL Silver Trunk,57.0,,,57,Customer_by_SrcNumberRoute_pt2024-04-01 00:00:00to2024-04-01 00:00:00.xlsx,,
141,15,2024-13,Bezeq International,56.0,,,56,Customer_by_SrcNumberRoute_pt2024-04-01 00:00:00to2024-04-01 00:00:00.xlsx,,
142,56,2024-13,Nobel Globe,55.0,,,55,Customer_by_SrcNumberRoute_pt2024-04-01 00:00:00to2024-04-01 00:00:00.xlsx,,
143,74,2024-13,TIWS,48.0,1.0,,49,Customer_by_SrcNumberRoute_pt2024-04-01 00:00:00to2024-04-01 00:00:00.xlsx,,
144,30,2024-13,Flow Jamaica Columbus Networks DID,41.0,,,41,Customer_by_SrcNumberRoute_pt2024-04-01 00:00:00to2024-04-01 00:00:00.xlsx,,
145,64,2024-13,PLDT,41.0,,,41,Customer_by_SrcNumberRoute_pt2024-04-01 00:00:00to2024-04-01 00:00:00.xlsx,,
146,69,2024-13,RSCom,40.0,,,40,Customer_by_SrcNumberRoute_pt2024-04-01 00:00:00to2024-04-01 00:00:00.xlsx,,
147,61,2024-13,Orbitel - UNE,33.0,,,33,Customer_by_SrcNumberRoute_pt2024-04-01 00:00:00to2024-04-01 00:00:00.xlsx,,
148,68,2024-13,Qxtel Limited LLA,15.0,15.0,,30,Customer_by_SrcNumberRoute_pt2024-04-01 00:00:00to2024-04-01 00:00:00.xlsx,,
149,93,2024-13,Zoomtel Platinum,25.0,,4.0,29,Customer_by_SrcNumberRoute_pt2024-04-01 00:00:00to2024-04-01 00:00:00.xlsx,,
150,60,2024-13,Orange Telecom,28.0,,,28,Customer_by_SrcNumberRoute_pt2024-04-01 00:00:00to2024-04-01 00:00:00.xlsx,,
151,49,2024-13,Latino Communications,25.0,3.0,,28,Customer_by_SrcNumberRoute_pt2024-04-01 00:00:00to2024-04-01 00:00:00.xlsx,,
152,81,2024-13,Telmex USA,27.0,1.0,,28,Customer_by_SrcNumberRoute_pt2024-04-01 00:00:00to2024-04-01 00:00:00.xlsx,,
153,40,2024-13,Identidad Promo JM CLIENTE,24.0,,1.0,25,Customer_by_SrcNumberRoute_pt2024-04-01 00:00:00to2024-04-01 00:00:00.xlsx,,
154,54,2024-13,NGN Sweden Communications AB (DBA Datora),25.0,,,25,Customer_by_SrcNumberRoute_pt2024-04-01 00:00:00to2024-04-01 00:00:00.xlsx,,
155,1,2024-13,A - Z Identidad Telecom,,19.0,4.0,23,Customer_by_SrcNumberRoute_pt2024-04-01 00:00:00to2024-04-01 00:00:00.xlsx,,
156,80,2024-13,Telin Neutrafix,20.0,3.0,,23,Customer_by_SrcNumberRoute_pt2024-04-01 00:00:00to2024-04-01 00:00:00.xlsx,,
157,52,2024-13,Look International Inc (Sinpin),22.0,,,22,Customer_by_SrcNumberRoute_pt2024-04-01 00:00:00to2024-04-01 00:00:00.xlsx,,
158,92,2024-13,Zoomtel LLC Gold,10.0,,11.0,21,Customer_by_SrcNumberRoute_pt2024-04-01 00:00:00to2024-04-01 00:00:00.xlsx,,
159,38,2024-13,IPBtel DID (C3NTRO) Customer,15.0,,,15,Customer_by_SrcNumberRoute_pt2024-04-01 00:00:00to2024-04-01 00:00:00.xlsx,,
160,41,2024-13,Identidad Promo JM HT CLIENTE,7.0,3.0,3.0,13,Customer_by_SrcNumberRoute_pt2024-04-01 00:00:00to2024-04-01 00:00:00.xlsx,,
161,33,2024-13,Graycom Special,7.0,3.0,3.0,13,Customer_by_SrcNumberRoute_pt2024-04-01 00:00:00to2024-04-01 00:00:00.xlsx,,
162,72,2024-13,Sipstatus Corporation,12.0,,,12,Customer_by_SrcNumberRoute_pt2024-04-01 00:00:00to2024-04-01 00:00:00.xlsx,,
163,66,2024-13,Quickom Telecom,12.0,,,12,Customer_by_SrcNumberRoute_pt2024-04-01 00:00:00to2024-04-01 00:00:00.xlsx,,
164,83,2024-13,Turk Telekom International,10.0,2.0,,12,Customer_by_SrcNumberRoute_pt2024-04-01 00:00:00to2024-04-01 00:00:00.xlsx,,
165,8,2024-13,Alcasagar,12.0,,,12,Customer_by_SrcNumberRoute_pt2024-04-01 00:00:00to2024-04-01 00:00:00.xlsx,,
166,4,2024-13,AMAZON DIDs CUSTOMER,12.0,,,12,Customer_by_SrcNumberRoute_pt2024-04-01 00:00:00to2024-04-01 00:00:00.xlsx,,
167,75,2024-13,TNZI,11.0,,,11,Customer_by_SrcNumberRoute_pt2024-04-01 00:00:00to2024-04-01 00:00:00.xlsx,,
168,20,2024-13,China Mobile International Ltd.,9.0,,,9,Customer_by_SrcNumberRoute_pt2024-04-01 00:00:00to2024-04-01 00:00:00.xlsx,,
169,36,2024-13,IDT,8.0,,1.0,9,Customer_by_SrcNumberRoute_pt2024-04-01 00:00:00to2024-04-01 00:00:00.xlsx,,
170,31,2024-13,GmTelecom,2.0,7.0,,9,Customer_by_SrcNumberRoute_pt2024-04-01 00:00:00to2024-04-01 00:00:00.xlsx,,
171,5,2024-13,ASCADE-ASSURE,9.0,,,9,Customer_by_SrcNumberRoute_pt2024-04-01 00:00:00to2024-04-01 00:00:00.xlsx,,
172,87,2024-13,Verge Communications,9.0,,,9,Customer_by_SrcNumberRoute_pt2024-04-01 00:00:00to2024-04-01 00:00:00.xlsx,,
173,82,2024-13,Trilogy Dominicana S.A.,9.0,,,9,Customer_by_SrcNumberRoute_pt2024-04-01 00:00:00to2024-04-01 00:00:00.xlsx,,
174,42,2024-13,Identidad Promo JM SG CLIENTE ,7.0,,,7,Customer_by_SrcNumberRoute_pt2024-04-01 00:00:00to2024-04-01 00:00:00.xlsx,,
175,18,2024-13,Cable Onda SA,7.0,,,7,Customer_by_SrcNumberRoute_pt2024-04-01 00:00:00to2024-04-01 00:00:00.xlsx,,
176,67,2024-13,Qxtel Limited,5.0,2.0,,7,Customer_by_SrcNumberRoute_pt2024-04-01 00:00:00to2024-04-01 00:00:00.xlsx,,
177,16,2024-13,CJC Global Connections Limited,7.0,,,7,Customer_by_SrcNumberRoute_pt2024-04-01 00:00:00to2024-04-01 00:00:00.xlsx,,
178,53,2024-13,Mada,7.0,,,7,Customer_by_SrcNumberRoute_pt2024-04-01 00:00:00to2024-04-01 00:00:00.xlsx,,
179,10,2024-13,Arelion U.S. Inc.,6.0,,,6,Customer_by_SrcNumberRoute_pt2024-04-01 00:00:00to2024-04-01 00:00:00.xlsx,,
180,9,2024-13,Apelby,5.0,,,5,Customer_by_SrcNumberRoute_pt2024-04-01 00:00:00to2024-04-01 00:00:00.xlsx,,
181,91,2024-13,VoxCarrier Limited,5.0,,,5,Customer_by_SrcNumberRoute_pt2024-04-01 00:00:00to2024-04-01 00:00:00.xlsx,,
182,62,2024-13,Oteglobe,1.0,,3.0,4,Customer_by_SrcNumberRoute_pt2024-04-01 00:00:00to2024-04-01 00:00:00.xlsx,,
183,55,2024-13,Netconnect,4.0,,,4,Customer_by_SrcNumberRoute_pt2024-04-01 00:00:00to2024-04-01 00:00:00.xlsx,,
184,90,2024-13,Voiptel Lp,3.0,,,3,Customer_by_SrcNumberRoute_pt2024-04-01 00:00:00to2024-04-01 00:00:00.xlsx,,
185,0,2024-13,382 Communications,3.0,,,3,Customer_by_SrcNumberRoute_pt2024-04-01 00:00:00to2024-04-01 00:00:00.xlsx,,
186,77,2024-13,TSTT,,3.0,,3,Customer_by_SrcNumberRoute_pt2024-04-01 00:00:00to2024-04-01 00:00:00.xlsx,,
187,89,2024-13,Vodafone Ltd,3.0,,,3,Customer_by_SrcNumberRoute_pt2024-04-01 00:00:00to2024-04-01 00:00:00.xlsx,,
188,22,2024-13,CommPeak,3.0,,,3,Customer_by_SrcNumberRoute_pt2024-04-01 00:00:00to2024-04-01 00:00:00.xlsx,,
189,21,2024-13,Cima Telecom,3.0,,,3,Customer_by_SrcNumberRoute_pt2024-04-01 00:00:00to2024-04-01 00:00:00.xlsx,,
190,35,2024-13,HGC Premium,3.0,,,3,Customer_by_SrcNumberRoute_pt2024-04-01 00:00:00to2024-04-01 00:00:00.xlsx,,
191,76,2024-13,TRIAR,3.0,,,3,Customer_by_SrcNumberRoute_pt2024-04-01 00:00:00to2024-04-01 00:00:00.xlsx,,
192,59,2024-13,Orange Romania,2.0,,,2,Customer_by_SrcNumberRoute_pt2024-04-01 00:00:00to2024-04-01 00:00:00.xlsx,,
193,47,2024-13,Last Mile Corp LLA,2.0,,,2,Customer_by_SrcNumberRoute_pt2024-04-01 00:00:00to2024-04-01 00:00:00.xlsx,,
194,85,2024-13,Us Matrix Telecommunications,1.0,,,1,Customer_by_SrcNumberRoute_pt2024-04-01 00:00:00to2024-04-01 00:00:00.xlsx,,
195,86,2024-13,VR Telecom S.L,,,1.0,1,Customer_by_SrcNumberRoute_pt2024-04-01 00:00:00to2024-04-01 00:00:00.xlsx,,
196,34,2024-13,Group of Goldline,1.0,,,1,Customer_by_SrcNumberRoute_pt2024-04-01 00:00:00to2024-04-01 00:00:00.xlsx,,
197,19,2024-13,China Mobile International,1.0,,,1,Customer_by_SrcNumberRoute_pt2024-04-01 00:00:00to2024-04-01 00:00:00.xlsx,,
198,23,2024-13,Computer Tel Inc,,,1.0,1,Customer_by_SrcNumberRoute_pt2024-04-01 00:00:00to2024-04-01 00:00:00.xlsx,,
199,76,2024-14,Raza Telecom,61465.0,,12.0,61477,Customer_by_SrcNumberRoute_pt2024-04-08 00:00:00to2024-04-08 00:00:00.xlsx,,
200,70,2024-14,Peerless Network CUSTOMER,9117.0,,8.0,9125,Customer_by_SrcNumberRoute_pt2024-04-08 00:00:00to2024-04-08 00:00:00.xlsx,,
201,12,2024-14,Ariatel,1611.0,2686.0,2.0,4299,Customer_by_SrcNumberRoute_pt2024-04-08 00:00:00to2024-04-08 00:00:00.xlsx,,
202,16,2024-14,Belgacom,3366.0,1.0,4.0,3371,Customer_by_SrcNumberRoute_pt2024-04-08 00:00:00to2024-04-08 00:00:00.xlsx,,
203,30,2024-14,Etelix Net,3294.0,,,3294,Customer_by_SrcNumberRoute_pt2024-04-08 00:00:00to2024-04-08 00:00:00.xlsx,,
204,32,2024-14,Flow Jamaica Columbus Networks,435.0,1291.0,33.0,1760,Customer_by_SrcNumberRoute_pt2024-04-08 00:00:00to2024-04-08 00:00:00.xlsx,1.0,
205,7,2024-14,AT&T Corp,1317.0,64.0,1.0,1382,Customer_by_SrcNumberRoute_pt2024-04-08 00:00:00to2024-04-08 00:00:00.xlsx,,
206,89,2024-14,Turk Telekom International,86.0,1054.0,13.0,1153,Customer_by_SrcNumberRoute_pt2024-04-08 00:00:00to2024-04-08 00:00:00.xlsx,,
207,27,2024-14,Deutsche Telecom,950.0,,,950,Customer_by_SrcNumberRoute_pt2024-04-08 00:00:00to2024-04-08 00:00:00.xlsx,,
208,58,2024-14,Liberty Communications of Puerto Rico,161.0,748.0,30.0,939,Customer_by_SrcNumberRoute_pt2024-04-08 00:00:00to2024-04-08 00:00:00.xlsx,,
209,85,2024-14,Tata Communications Inc.,686.0,33.0,1.0,720,Customer_by_SrcNumberRoute_pt2024-04-08 00:00:00to2024-04-08 00:00:00.xlsx,,
210,31,2024-14,Etisalat,24.0,481.0,3.0,508,Customer_by_SrcNumberRoute_pt2024-04-08 00:00:00to2024-04-08 00:00:00.xlsx,,
211,19,2024-14,Cable Bahamas,471.0,6.0,,477,Customer_by_SrcNumberRoute_pt2024-04-08 00:00:00to2024-04-08 00:00:00.xlsx,,
212,55,2024-14,Latinatel,446.0,,,446,Customer_by_SrcNumberRoute_pt2024-04-08 00:00:00to2024-04-08 00:00:00.xlsx,,
213,43,2024-14,Ibasis Global Inc,404.0,,17.0,421,Customer_by_SrcNumberRoute_pt2024-04-08 00:00:00to2024-04-08 00:00:00.xlsx,,
214,36,2024-14,GmTelecom LLA,363.0,2.0,1.0,366,Customer_by_SrcNumberRoute_pt2024-04-08 00:00:00to2024-04-08 00:00:00.xlsx,,
215,52,2024-14,Lanck Telecom,9.0,357.0,,366,Customer_by_SrcNumberRoute_pt2024-04-08 00:00:00to2024-04-08 00:00:00.xlsx,,
216,90,2024-14,Twilio,43.0,306.0,2.0,351,Customer_by_SrcNumberRoute_pt2024-04-08 00:00:00to2024-04-08 00:00:00.xlsx,,
217,64,2024-14,Orange FRANCE,334.0,17.0,,351,Customer_by_SrcNumberRoute_pt2024-04-08 00:00:00to2024-04-08 00:00:00.xlsx,,
218,51,2024-14,Ipbtel,320.0,,,320,Customer_by_SrcNumberRoute_pt2024-04-08 00:00:00to2024-04-08 00:00:00.xlsx,,
219,86,2024-14,Telin Neutrafix,274.0,,,274,Customer_by_SrcNumberRoute_pt2024-04-08 00:00:00to2024-04-08 00:00:00.xlsx,,
220,29,2024-14,Digicel,223.0,,,223,Customer_by_SrcNumberRoute_pt2024-04-08 00:00:00to2024-04-08 00:00:00.xlsx,,
221,8,2024-14,Alcasagar,207.0,,,207,Customer_by_SrcNumberRoute_pt2024-04-08 00:00:00to2024-04-08 00:00:00.xlsx,,
222,84,2024-14,Tata Communications Inc LLA,200.0,,,200,Customer_by_SrcNumberRoute_pt2024-04-08 00:00:00to2024-04-08 00:00:00.xlsx,,
223,28,2024-14,Dial Tel PTE. LTD PREM,182.0,,,182,Customer_by_SrcNumberRoute_pt2024-04-08 00:00:00to2024-04-08 00:00:00.xlsx,,
224,79,2024-14,T-Mobile,103.0,23.0,,126,Customer_by_SrcNumberRoute_pt2024-04-08 00:00:00to2024-04-08 00:00:00.xlsx,,
225,50,2024-14,Impact Telecom,126.0,,,126,Customer_by_SrcNumberRoute_pt2024-04-08 00:00:00to2024-04-08 00:00:00.xlsx,,
226,57,2024-14,Ld Telecom Nexogy,116.0,5.0,,121,Customer_by_SrcNumberRoute_pt2024-04-08 00:00:00to2024-04-08 00:00:00.xlsx,,
227,25,2024-14,Computer Tel Inc,118.0,,1.0,119,Customer_by_SrcNumberRoute_pt2024-04-08 00:00:00to2024-04-08 00:00:00.xlsx,,
228,93,2024-14,Verizon,97.0,8.0,,105,Customer_by_SrcNumberRoute_pt2024-04-08 00:00:00to2024-04-08 00:00:00.xlsx,,
229,63,2024-14,ODD Holding Ltd,92.0,,,92,Customer_by_SrcNumberRoute_pt2024-04-08 00:00:00to2024-04-08 00:00:00.xlsx,,
230,53,2024-14,Last Mile Corp,88.0,,,88,Customer_by_SrcNumberRoute_pt2024-04-08 00:00:00to2024-04-08 00:00:00.xlsx,,
231,66,2024-14,Orbitel - UNE,85.0,,,85,Customer_by_SrcNumberRoute_pt2024-04-08 00:00:00to2024-04-08 00:00:00.xlsx,,
232,65,2024-14,Orange Telecom,80.0,,,80,Customer_by_SrcNumberRoute_pt2024-04-08 00:00:00to2024-04-08 00:00:00.xlsx,,
233,73,2024-14,Qxtel Limited LLA,7.0,4.0,65.0,76,Customer_by_SrcNumberRoute_pt2024-04-08 00:00:00to2024-04-08 00:00:00.xlsx,,
234,75,2024-14,RSCom,70.0,,,70,Customer_by_SrcNumberRoute_pt2024-04-08 00:00:00to2024-04-08 00:00:00.xlsx,,
235,14,2024-14,BTS,66.0,1.0,,67,Customer_by_SrcNumberRoute_pt2024-04-08 00:00:00to2024-04-08 00:00:00.xlsx,,
236,41,2024-14,IDT LLA,65.0,,,65,Customer_by_SrcNumberRoute_pt2024-04-08 00:00:00to2024-04-08 00:00:00.xlsx,,
237,77,2024-14,Sinch,61.0,,3.0,64,Customer_by_SrcNumberRoute_pt2024-04-08 00:00:00to2024-04-08 00:00:00.xlsx,,
238,33,2024-14,Flow Jamaica Columbus Networks DID,60.0,,,60,Customer_by_SrcNumberRoute_pt2024-04-08 00:00:00to2024-04-08 00:00:00.xlsx,,
239,91,2024-14,VR Telecom S.L,1.0,,59.0,60,Customer_by_SrcNumberRoute_pt2024-04-08 00:00:00to2024-04-08 00:00:00.xlsx,,
240,46,2024-14,Identidad Promo JM CLIENTE,23.0,10.0,18.0,51,Customer_by_SrcNumberRoute_pt2024-04-08 00:00:00to2024-04-08 00:00:00.xlsx,,
241,15,2024-14,BTS LLA,50.0,,,50,Customer_by_SrcNumberRoute_pt2024-04-08 00:00:00to2024-04-08 00:00:00.xlsx,,
242,59,2024-14,Look International Inc (Sinpin),42.0,,,42,Customer_by_SrcNumberRoute_pt2024-04-08 00:00:00to2024-04-08 00:00:00.xlsx,,
243,69,2024-14,PLDT,41.0,,,41,Customer_by_SrcNumberRoute_pt2024-04-08 00:00:00to2024-04-08 00:00:00.xlsx,,
244,62,2024-14,Nobel Globe,37.0,,,37,Customer_by_SrcNumberRoute_pt2024-04-08 00:00:00to2024-04-08 00:00:00.xlsx,,
245,4,2024-14,AIRTEL Silver Trunk,36.0,,,36,Customer_by_SrcNumberRoute_pt2024-04-08 00:00:00to2024-04-08 00:00:00.xlsx,,
246,99,2024-14,Zoomtel LLC Gold,18.0,,17.0,35,Customer_by_SrcNumberRoute_pt2024-04-08 00:00:00to2024-04-08 00:00:00.xlsx,,
247,17,2024-14,Bezeq International,32.0,,,32,Customer_by_SrcNumberRoute_pt2024-04-08 00:00:00to2024-04-08 00:00:00.xlsx,,
248,68,2024-14,PCCW Global UK Limited ,28.0,,,28,Customer_by_SrcNumberRoute_pt2024-04-08 00:00:00to2024-04-08 00:00:00.xlsx,,
249,37,2024-14,Graycom Special,9.0,3.0,10.0,22,Customer_by_SrcNumberRoute_pt2024-04-08 00:00:00to2024-04-08 00:00:00.xlsx,,
250,72,2024-14,Qxtel Limited,13.0,3.0,6.0,22,Customer_by_SrcNumberRoute_pt2024-04-08 00:00:00to2024-04-08 00:00:00.xlsx,,
251,47,2024-14,Identidad Promo JM HT CLIENTE,8.0,3.0,10.0,21,Customer_by_SrcNumberRoute_pt2024-04-08 00:00:00to2024-04-08 00:00:00.xlsx,,
252,42,2024-14,IPBtel DID (C3NTRO) Customer,21.0,,,21,Customer_by_SrcNumberRoute_pt2024-04-08 00:00:00to2024-04-08 00:00:00.xlsx,,
253,26,2024-14,Computer Tel Inc USA,21.0,,,21,Customer_by_SrcNumberRoute_pt2024-04-08 00:00:00to2024-04-08 00:00:00.xlsx,,
254,80,2024-14,TIWS,19.0,1.0,,20,Customer_by_SrcNumberRoute_pt2024-04-08 00:00:00to2024-04-08 00:00:00.xlsx,,
255,1,2024-14,A - Z Identidad Telecom,,,20.0,20,Customer_by_SrcNumberRoute_pt2024-04-08 00:00:00to2024-04-08 00:00:00.xlsx,,
256,38,2024-14,Group of Goldline,18.0,,,18,Customer_by_SrcNumberRoute_pt2024-04-08 00:00:00to2024-04-08 00:00:00.xlsx,,
257,94,2024-14,Vodafone Ltd,18.0,,,18,Customer_by_SrcNumberRoute_pt2024-04-08 00:00:00to2024-04-08 00:00:00.xlsx,,
258,40,2024-14,IDT,17.0,,,17,Customer_by_SrcNumberRoute_pt2024-04-08 00:00:00to2024-04-08 00:00:00.xlsx,,
259,96,2024-14,VoxCarrier Limited,16.0,,,16,Customer_by_SrcNumberRoute_pt2024-04-08 00:00:00to2024-04-08 00:00:00.xlsx,,
260,78,2024-14,Sipstatus Corporation,16.0,,,16,Customer_by_SrcNumberRoute_pt2024-04-08 00:00:00to2024-04-08 00:00:00.xlsx,,
261,45,2024-14,Identidad Promo Airtel Customer,15.0,,,15,Customer_by_SrcNumberRoute_pt2024-04-08 00:00:00to2024-04-08 00:00:00.xlsx,,
262,48,2024-14,Identidad Promo JM SG CLIENTE ,8.0,,7.0,15,Customer_by_SrcNumberRoute_pt2024-04-08 00:00:00to2024-04-08 00:00:00.xlsx,,
263,18,2024-14,CJC Global Connections Limited,7.0,,7.0,14,Customer_by_SrcNumberRoute_pt2024-04-08 00:00:00to2024-04-08 00:00:00.xlsx,,
264,5,2024-14,AMAZON DIDs CUSTOMER,13.0,,,13,Customer_by_SrcNumberRoute_pt2024-04-08 00:00:00to2024-04-08 00:00:00.xlsx,,
265,87,2024-14,Telmex USA,13.0,,,13,Customer_by_SrcNumberRoute_pt2024-04-08 00:00:00to2024-04-08 00:00:00.xlsx,,
266,11,2024-14,Arelion U.S. Inc.,11.0,,,11,Customer_by_SrcNumberRoute_pt2024-04-08 00:00:00to2024-04-08 00:00:00.xlsx,,
267,81,2024-14,TNZI,11.0,,,11,Customer_by_SrcNumberRoute_pt2024-04-08 00:00:00to2024-04-08 00:00:00.xlsx,,
268,24,2024-14,CommPeak,10.0,,,10,Customer_by_SrcNumberRoute_pt2024-04-08 00:00:00to2024-04-08 00:00:00.xlsx,,
269,101,2024-14,Zoomtel Platinum,9.0,,1.0,10,Customer_by_SrcNumberRoute_pt2024-04-08 00:00:00to2024-04-08 00:00:00.xlsx,,
270,67,2024-14,Oteglobe,9.0,,,9,Customer_by_SrcNumberRoute_pt2024-04-08 00:00:00to2024-04-08 00:00:00.xlsx,,
271,23,2024-14,Codetel,9.0,,,9,Customer_by_SrcNumberRoute_pt2024-04-08 00:00:00to2024-04-08 00:00:00.xlsx,,
272,88,2024-14,Trilogy Dominicana S.A.,9.0,,,9,Customer_by_SrcNumberRoute_pt2024-04-08 00:00:00to2024-04-08 00:00:00.xlsx,,
273,82,2024-14,TRIAR,9.0,,,9,Customer_by_SrcNumberRoute_pt2024-04-08 00:00:00to2024-04-08 00:00:00.xlsx,,
274,71,2024-14,Quickom Telecom,7.0,,1.0,8,Customer_by_SrcNumberRoute_pt2024-04-08 00:00:00to2024-04-08 00:00:00.xlsx,,
275,2,2024-14,ADC s.r.l.,8.0,,,8,Customer_by_SrcNumberRoute_pt2024-04-08 00:00:00to2024-04-08 00:00:00.xlsx,,
276,54,2024-14,Last Mile Corp LLA,8.0,,,8,Customer_by_SrcNumberRoute_pt2024-04-08 00:00:00to2024-04-08 00:00:00.xlsx,,
277,10,2024-14,Apelby,8.0,,,8,Customer_by_SrcNumberRoute_pt2024-04-08 00:00:00to2024-04-08 00:00:00.xlsx,,
278,56,2024-14,Latino Communications,7.0,,,7,Customer_by_SrcNumberRoute_pt2024-04-08 00:00:00to2024-04-08 00:00:00.xlsx,,
279,21,2024-14,China Mobile International Ltd.,7.0,,,7,Customer_by_SrcNumberRoute_pt2024-04-08 00:00:00to2024-04-08 00:00:00.xlsx,,
280,13,2024-14,Atheeb,7.0,,,7,Customer_by_SrcNumberRoute_pt2024-04-08 00:00:00to2024-04-08 00:00:00.xlsx,,
281,83,2024-14,TSTT,1.0,5.0,,6,Customer_by_SrcNumberRoute_pt2024-04-08 00:00:00to2024-04-08 00:00:00.xlsx,,
282,20,2024-14,Cable Onda SA,6.0,,,6,Customer_by_SrcNumberRoute_pt2024-04-08 00:00:00to2024-04-08 00:00:00.xlsx,,
283,61,2024-14,Network Ip,5.0,,,5,Customer_by_SrcNumberRoute_pt2024-04-08 00:00:00to2024-04-08 00:00:00.xlsx,,
284,3,2024-14,AIRTEL Bronze Trunk,4.0,,,4,Customer_by_SrcNumberRoute_pt2024-04-08 00:00:00to2024-04-08 00:00:00.xlsx,,
285,6,2024-14,ASCADE-ASSURE,4.0,,,4,Customer_by_SrcNumberRoute_pt2024-04-08 00:00:00to2024-04-08 00:00:00.xlsx,,
286,60,2024-14,NGN Sweden Communications AB (DBA Datora),4.0,,,4,Customer_by_SrcNumberRoute_pt2024-04-08 00:00:00to2024-04-08 00:00:00.xlsx,,
287,34,2024-14,Flow Jamaica Columbus Networks DID AMAZON,3.0,,,3,Customer_by_SrcNumberRoute_pt2024-04-08 00:00:00to2024-04-08 00:00:00.xlsx,,
288,49,2024-14,Identidad Promo SalBel TIWS CLIENTE,3.0,,,3,Customer_by_SrcNumberRoute_pt2024-04-08 00:00:00to2024-04-08 00:00:00.xlsx,,
289,44,2024-14,Identidad Promo 91 CLIENTE,2.0,1.0,,3,Customer_by_SrcNumberRoute_pt2024-04-08 00:00:00to2024-04-08 00:00:00.xlsx,,
290,74,2024-14,Qxtel Limited LLA_Corridor,2.0,,,2,Customer_by_SrcNumberRoute_pt2024-04-08 00:00:00to2024-04-08 00:00:00.xlsx,,
291,92,2024-14,Verge Communications,2.0,,,2,Customer_by_SrcNumberRoute_pt2024-04-08 00:00:00to2024-04-08 00:00:00.xlsx,,
292,0,2024-14,382 Communications,2.0,,,2,Customer_by_SrcNumberRoute_pt2024-04-08 00:00:00to2024-04-08 00:00:00.xlsx,,
293,35,2024-14,GmTelecom,2.0,,,2,Customer_by_SrcNumberRoute_pt2024-04-08 00:00:00to2024-04-08 00:00:00.xlsx,,
294,22,2024-14,Cloud Ten Infotech Pte. Ltd.,1.0,,,1,Customer_by_SrcNumberRoute_pt2024-04-08 00:00:00to2024-04-08 00:00:00.xlsx,,
295,97,2024-14,Zaheen Telecom,1.0,,,1,Customer_by_SrcNumberRoute_pt2024-04-08 00:00:00to2024-04-08 00:00:00.xlsx,,
296,98,2024-14,Zoomtel LLC,1.0,,,1,Customer_by_SrcNumberRoute_pt2024-04-08 00:00:00to2024-04-08 00:00:00.xlsx,,
297,95,2024-14,Voiptel Lp,1.0,,,1,Customer_by_SrcNumberRoute_pt2024-04-08 00:00:00to2024-04-08 00:00:00.xlsx,,
298,39,2024-14,HGC Premium,1.0,,,1,Customer_by_SrcNumberRoute_pt2024-04-08 00:00:00to2024-04-08 00:00:00.xlsx,,
299,9,2024-14,Aloma Communication RETURN,,1.0,,1,Customer_by_SrcNumberRoute_pt2024-04-08 00:00:00to2024-04-08 00:00:00.xlsx,,
300,100,2024-14,Zoomtel LLC Premium ,1.0,,,1,Customer_by_SrcNumberRoute_pt2024-04-08 00:00:00to2024-04-08 00:00:00.xlsx,,
301,100,2024-15,Turk Telekom International,495.0,176624.0,16.0,177135,Customer_by_SrcNumberRoute_pt2024-04-15 00:00:00to2024-04-15 00:00:00.xlsx,,
302,35,2024-15,Flow Jamaica Columbus Networks,531.0,85263.0,32.0,85827,Customer_by_SrcNumberRoute_pt2024-04-15 00:00:00to2024-04-15 00:00:00.xlsx,1.0,
303,33,2024-15,Etelix Net,17057.0,22.0,32.0,17111,Customer_by_SrcNumberRoute_pt2024-04-15 00:00:00to2024-04-15 00:00:00.xlsx,,
304,97,2024-15,Telin Neutrafix,976.0,15415.0,,16391,Customer_by_SrcNumberRoute_pt2024-04-15 00:00:00to2024-04-15 00:00:00.xlsx,,
305,19,2024-15,Belgacom,10802.0,3741.0,,14543,Customer_by_SrcNumberRoute_pt2024-04-15 00:00:00to2024-04-15 00:00:00.xlsx,,
306,34,2024-15,Etisalat,23.0,9286.0,17.0,9326,Customer_by_SrcNumberRoute_pt2024-04-15 00:00:00to2024-04-15 00:00:00.xlsx,,
307,15,2024-15,Ariatel,4686.0,3232.0,16.0,7934,Customer_by_SrcNumberRoute_pt2024-04-15 00:00:00to2024-04-15 00:00:00.xlsx,,
308,60,2024-15,Liberty Communications of Puerto Rico,217.0,2664.0,35.0,2916,Customer_by_SrcNumberRoute_pt2024-04-15 00:00:00to2024-04-15 00:00:00.xlsx,,
309,76,2024-15,Peerless Network CUSTOMER,2833.0,82.0,,2915,Customer_by_SrcNumberRoute_pt2024-04-15 00:00:00to2024-04-15 00:00:00.xlsx,,
310,101,2024-15,Twilio,69.0,2438.0,7.0,2514,Customer_by_SrcNumberRoute_pt2024-04-15 00:00:00to2024-04-15 00:00:00.xlsx,,
311,38,2024-15,GmTelecom,1851.0,2.0,22.0,1875,Customer_by_SrcNumberRoute_pt2024-04-15 00:00:00to2024-04-15 00:00:00.xlsx,,
312,9,2024-15,AT&T Corp,1334.0,179.0,2.0,1515,Customer_by_SrcNumberRoute_pt2024-04-15 00:00:00to2024-04-15 00:00:00.xlsx,,
313,69,2024-15,Orange FRANCE,219.0,944.0,,1163,Customer_by_SrcNumberRoute_pt2024-04-15 00:00:00to2024-04-15 00:00:00.xlsx,,
314,109,2024-15,Wavecrest,2.0,1076.0,,1078,Customer_by_SrcNumberRoute_pt2024-04-15 00:00:00to2024-04-15 00:00:00.xlsx,,
315,46,2024-15,Ibasis Global Inc,788.0,269.0,8.0,1065,Customer_by_SrcNumberRoute_pt2024-04-15 00:00:00to2024-04-15 00:00:00.xlsx,,
316,30,2024-15,Deutsche Telecom,884.0,1.0,4.0,889,Customer_by_SrcNumberRoute_pt2024-04-15 00:00:00to2024-04-15 00:00:00.xlsx,,
317,96,2024-15,Tata Communications Inc.,715.0,45.0,1.0,761,Customer_by_SrcNumberRoute_pt2024-04-15 00:00:00to2024-04-15 00:00:00.xlsx,,
318,22,2024-15,Cable Bahamas,647.0,12.0,2.0,661,Customer_by_SrcNumberRoute_pt2024-04-15 00:00:00to2024-04-15 00:00:00.xlsx,,
319,52,2024-15,Impact Telecom,637.0,2.0,,639,Customer_by_SrcNumberRoute_pt2024-04-15 00:00:00to2024-04-15 00:00:00.xlsx,,
320,39,2024-15,GmTelecom LLA,520.0,68.0,,588,Customer_by_SrcNumberRoute_pt2024-04-15 00:00:00to2024-04-15 00:00:00.xlsx,,
321,70,2024-15,Orange Romania,,453.0,,453,Customer_by_SrcNumberRoute_pt2024-04-15 00:00:00to2024-04-15 00:00:00.xlsx,,
322,32,2024-15,Digicel,414.0,6.0,4.0,424,Customer_by_SrcNumberRoute_pt2024-04-15 00:00:00to2024-04-15 00:00:00.xlsx,,
323,57,2024-15,Latinatel,349.0,1.0,,350,Customer_by_SrcNumberRoute_pt2024-04-15 00:00:00to2024-04-15 00:00:00.xlsx,,
324,31,2024-15,Dial Tel PTE. LTD PREM,327.0,,,327,Customer_by_SrcNumberRoute_pt2024-04-15 00:00:00to2024-04-15 00:00:00.xlsx,,
325,10,2024-15,Alcasagar,292.0,15.0,,307,Customer_by_SrcNumberRoute_pt2024-04-15 00:00:00to2024-04-15 00:00:00.xlsx,,
326,88,2024-15,T-Mobile,91.0,191.0,,282,Customer_by_SrcNumberRoute_pt2024-04-15 00:00:00to2024-04-15 00:00:00.xlsx,,
327,29,2024-15,Computer Tel Inc USA,23.0,213.0,,236,Customer_by_SrcNumberRoute_pt2024-04-15 00:00:00to2024-04-15 00:00:00.xlsx,,
328,73,2024-15,Oteglobe,14.0,194.0,5.0,213,Customer_by_SrcNumberRoute_pt2024-04-15 00:00:00to2024-04-15 00:00:00.xlsx,,
329,95,2024-15,Tata Communications Inc LLA,195.0,2.0,,197,Customer_by_SrcNumberRoute_pt2024-04-15 00:00:00to2024-04-15 00:00:00.xlsx,,
330,20,2024-15,Bezeq International,194.0,,,194,Customer_by_SrcNumberRoute_pt2024-04-15 00:00:00to2024-04-15 00:00:00.xlsx,,
331,28,2024-15,Computer Tel Inc,169.0,9.0,,178,Customer_by_SrcNumberRoute_pt2024-04-15 00:00:00to2024-04-15 00:00:00.xlsx,,
332,86,2024-15,Sinch,44.0,105.0,4.0,153,Customer_by_SrcNumberRoute_pt2024-04-15 00:00:00to2024-04-15 00:00:00.xlsx,,
333,104,2024-15,Verizon,110.0,19.0,,129,Customer_by_SrcNumberRoute_pt2024-04-15 00:00:00to2024-04-15 00:00:00.xlsx,,
334,74,2024-15,PCCW Global UK Limited ,104.0,15.0,,119,Customer_by_SrcNumberRoute_pt2024-04-15 00:00:00to2024-04-15 00:00:00.xlsx,,
335,17,2024-15,BTS,36.0,61.0,,97,Customer_by_SrcNumberRoute_pt2024-04-15 00:00:00to2024-04-15 00:00:00.xlsx,,
336,71,2024-15,Orange Telecom,96.0,,,96,Customer_by_SrcNumberRoute_pt2024-04-15 00:00:00to2024-04-15 00:00:00.xlsx,,
337,72,2024-15,Orbitel - UNE,93.0,1.0,1.0,95,Customer_by_SrcNumberRoute_pt2024-04-15 00:00:00to2024-04-15 00:00:00.xlsx,,
338,55,2024-15,Last Mile Corp,91.0,1.0,,92,Customer_by_SrcNumberRoute_pt2024-04-15 00:00:00to2024-04-15 00:00:00.xlsx,,
339,68,2024-15,ODD Holding Ltd,91.0,,,91,Customer_by_SrcNumberRoute_pt2024-04-15 00:00:00to2024-04-15 00:00:00.xlsx,,
340,59,2024-15,Ld Telecom Nexogy,72.0,3.0,,75,Customer_by_SrcNumberRoute_pt2024-04-15 00:00:00to2024-04-15 00:00:00.xlsx,,
341,85,2024-15,Raza Telecom,61.0,2.0,,63,Customer_by_SrcNumberRoute_pt2024-04-15 00:00:00to2024-04-15 00:00:00.xlsx,,
342,6,2024-15,AIRTEL Silver Trunk,58.0,,3.0,61,Customer_by_SrcNumberRoute_pt2024-04-15 00:00:00to2024-04-15 00:00:00.xlsx,,
343,81,2024-15,Qxtel Limited LLA,14.0,44.0,,58,Customer_by_SrcNumberRoute_pt2024-04-15 00:00:00to2024-04-15 00:00:00.xlsx,,
344,36,2024-15,Flow Jamaica Columbus Networks DID,54.0,,,54,Customer_by_SrcNumberRoute_pt2024-04-15 00:00:00to2024-04-15 00:00:00.xlsx,,
345,75,2024-15,PLDT,51.0,1.0,1.0,53,Customer_by_SrcNumberRoute_pt2024-04-15 00:00:00to2024-04-15 00:00:00.xlsx,,
346,63,2024-15,Mada,50.0,1.0,,51,Customer_by_SrcNumberRoute_pt2024-04-15 00:00:00to2024-04-15 00:00:00.xlsx,,
347,18,2024-15,BTS LLA,46.0,,,46,Customer_by_SrcNumberRoute_pt2024-04-15 00:00:00to2024-04-15 00:00:00.xlsx,,
348,90,2024-15,TIWS,43.0,,1.0,44,Customer_by_SrcNumberRoute_pt2024-04-15 00:00:00to2024-04-15 00:00:00.xlsx,,
349,111,2024-15,Zoomtel LLC Gold,19.0,,19.0,38,Customer_by_SrcNumberRoute_pt2024-04-15 00:00:00to2024-04-15 00:00:00.xlsx,,
350,48,2024-15,Identidad Promo JM CLIENTE,20.0,5.0,7.0,32,Customer_by_SrcNumberRoute_pt2024-04-15 00:00:00to2024-04-15 00:00:00.xlsx,,
351,4,2024-15,ADC s.r.l.,29.0,1.0,,30,Customer_by_SrcNumberRoute_pt2024-04-15 00:00:00to2024-04-15 00:00:00.xlsx,,
352,106,2024-15,Vodafone Ltd,23.0,5.0,,28,Customer_by_SrcNumberRoute_pt2024-04-15 00:00:00to2024-04-15 00:00:00.xlsx,,
353,84,2024-15,RSCom,27.0,1.0,,28,Customer_by_SrcNumberRoute_pt2024-04-15 00:00:00to2024-04-15 00:00:00.xlsx,,
354,80,2024-15,Qxtel Limited,8.0,14.0,4.0,26,Customer_by_SrcNumberRoute_pt2024-04-15 00:00:00to2024-04-15 00:00:00.xlsx,,
355,47,2024-15,Identidad Promo Airtel Customer,24.0,,,24,Customer_by_SrcNumberRoute_pt2024-04-15 00:00:00to2024-04-15 00:00:00.xlsx,,
356,53,2024-15,Ipbtel,21.0,3.0,,24,Customer_by_SrcNumberRoute_pt2024-04-15 00:00:00to2024-04-15 00:00:00.xlsx,,
357,54,2024-15,Lanck Telecom,4.0,19.0,,23,Customer_by_SrcNumberRoute_pt2024-04-15 00:00:00to2024-04-15 00:00:00.xlsx,,
358,5,2024-15,AIRTEL Bronze Trunk,22.0,,,22,Customer_by_SrcNumberRoute_pt2024-04-15 00:00:00to2024-04-15 00:00:00.xlsx,,
359,43,2024-15,IDT,20.0,1.0,1.0,22,Customer_by_SrcNumberRoute_pt2024-04-15 00:00:00to2024-04-15 00:00:00.xlsx,,
360,44,2024-15,IDT LLA,22.0,,,22,Customer_by_SrcNumberRoute_pt2024-04-15 00:00:00to2024-04-15 00:00:00.xlsx,,
361,67,2024-15,Nobel Globe,18.0,3.0,,21,Customer_by_SrcNumberRoute_pt2024-04-15 00:00:00to2024-04-15 00:00:00.xlsx,,
362,41,2024-15,Group of Goldline,20.0,,,20,Customer_by_SrcNumberRoute_pt2024-04-15 00:00:00to2024-04-15 00:00:00.xlsx,,
363,87,2024-15,Sipstatus Corporation,18.0,2.0,,20,Customer_by_SrcNumberRoute_pt2024-04-15 00:00:00to2024-04-15 00:00:00.xlsx,,
364,26,2024-15,Codetel,19.0,,,19,Customer_by_SrcNumberRoute_pt2024-04-15 00:00:00to2024-04-15 00:00:00.xlsx,,
365,61,2024-15,Look International Inc (Sinpin),19.0,,,19,Customer_by_SrcNumberRoute_pt2024-04-15 00:00:00to2024-04-15 00:00:00.xlsx,,
366,102,2024-15,VR Telecom S.L,3.0,,16.0,19,Customer_by_SrcNumberRoute_pt2024-04-15 00:00:00to2024-04-15 00:00:00.xlsx,,
367,108,2024-15,VoxCarrier Limited,18.0,,,18,Customer_by_SrcNumberRoute_pt2024-04-15 00:00:00to2024-04-15 00:00:00.xlsx,,
368,45,2024-15,IPBtel DID (C3NTRO) Customer,18.0,,,18,Customer_by_SrcNumberRoute_pt2024-04-15 00:00:00to2024-04-15 00:00:00.xlsx,,
369,65,2024-15,Modulus,4.0,13.0,,17,Customer_by_SrcNumberRoute_pt2024-04-15 00:00:00to2024-04-15 00:00:00.xlsx,,
370,98,2024-15,Telmex USA,16.0,,,16,Customer_by_SrcNumberRoute_pt2024-04-15 00:00:00to2024-04-15 00:00:00.xlsx,,
371,27,2024-15,CommPeak,16.0,,,16,Customer_by_SrcNumberRoute_pt2024-04-15 00:00:00to2024-04-15 00:00:00.xlsx,,
372,7,2024-15,AMAZON DIDs CUSTOMER,13.0,2.0,,15,Customer_by_SrcNumberRoute_pt2024-04-15 00:00:00to2024-04-15 00:00:00.xlsx,,
373,3,2024-15,A - Z Identidad Telecom,,,15.0,15,Customer_by_SrcNumberRoute_pt2024-04-15 00:00:00to2024-04-15 00:00:00.xlsx,,
374,40,2024-15,Graycom Special,12.0,,3.0,15,Customer_by_SrcNumberRoute_pt2024-04-15 00:00:00to2024-04-15 00:00:00.xlsx,,
375,49,2024-15,Identidad Promo JM HT CLIENTE,11.0,,3.0,14,Customer_by_SrcNumberRoute_pt2024-04-15 00:00:00to2024-04-15 00:00:00.xlsx,,
376,42,2024-15,HGC Premium,4.0,10.0,,14,Customer_by_SrcNumberRoute_pt2024-04-15 00:00:00to2024-04-15 00:00:00.xlsx,,
377,79,2024-15,Qxtel ASIA,9.0,2.0,,11,Customer_by_SrcNumberRoute_pt2024-04-15 00:00:00to2024-04-15 00:00:00.xlsx,,
378,24,2024-15,China Mobile International Ltd.,11.0,,,11,Customer_by_SrcNumberRoute_pt2024-04-15 00:00:00to2024-04-15 00:00:00.xlsx,,
379,58,2024-15,Latino Communications,5.0,5.0,,10,Customer_by_SrcNumberRoute_pt2024-04-15 00:00:00to2024-04-15 00:00:00.xlsx,,
380,92,2024-15,TNZI,8.0,1.0,,9,Customer_by_SrcNumberRoute_pt2024-04-15 00:00:00to2024-04-15 00:00:00.xlsx,,
381,16,2024-15,Atheeb,9.0,,,9,Customer_by_SrcNumberRoute_pt2024-04-15 00:00:00to2024-04-15 00:00:00.xlsx,,
382,78,2024-15,Quickom Telecom,3.0,,5.0,8,Customer_by_SrcNumberRoute_pt2024-04-15 00:00:00to2024-04-15 00:00:00.xlsx,,
383,103,2024-15,Verge Communications,8.0,,,8,Customer_by_SrcNumberRoute_pt2024-04-15 00:00:00to2024-04-15 00:00:00.xlsx,,
384,21,2024-15,CJC Global Connections Limited,7.0,,,7,Customer_by_SrcNumberRoute_pt2024-04-15 00:00:00to2024-04-15 00:00:00.xlsx,,
385,14,2024-15,Arelion U.S. Inc.,7.0,,,7,Customer_by_SrcNumberRoute_pt2024-04-15 00:00:00to2024-04-15 00:00:00.xlsx,,
386,50,2024-15,Identidad Promo JM SG CLIENTE ,7.0,,,7,Customer_by_SrcNumberRoute_pt2024-04-15 00:00:00to2024-04-15 00:00:00.xlsx,,
387,2,2024-15,382 Communications,7.0,,,7,Customer_by_SrcNumberRoute_pt2024-04-15 00:00:00to2024-04-15 00:00:00.xlsx,,
388,1,2024-15,10Tel LLC CUSTOMER,6.0,,,6,Customer_by_SrcNumberRoute_pt2024-04-15 00:00:00to2024-04-15 00:00:00.xlsx,,
389,66,2024-15,Network Ip,5.0,,,5,Customer_by_SrcNumberRoute_pt2024-04-15 00:00:00to2024-04-15 00:00:00.xlsx,,
390,23,2024-15,Cable Onda SA,5.0,,,5,Customer_by_SrcNumberRoute_pt2024-04-15 00:00:00to2024-04-15 00:00:00.xlsx,,
391,94,2024-15,TSTT,2.0,3.0,,5,Customer_by_SrcNumberRoute_pt2024-04-15 00:00:00to2024-04-15 00:00:00.xlsx,,
392,56,2024-15,Last Mile Corp LLA,5.0,,,5,Customer_by_SrcNumberRoute_pt2024-04-15 00:00:00to2024-04-15 00:00:00.xlsx,,
393,51,2024-15,Identidad Promo SalBel TIWS CLIENTE,5.0,,,5,Customer_by_SrcNumberRoute_pt2024-04-15 00:00:00to2024-04-15 00:00:00.xlsx,,
394,83,2024-15,Qxtel Limited LLA_DID CUSTOMER,3.0,2.0,,5,Customer_by_SrcNumberRoute_pt2024-04-15 00:00:00to2024-04-15 00:00:00.xlsx,,
395,0,2024-15,10Tel LLC - TISNA USD,4.0,,,4,Customer_by_SrcNumberRoute_pt2024-04-15 00:00:00to2024-04-15 00:00:00.xlsx,,
396,37,2024-15,Flow Jamaica Columbus Networks DID AMAZON,4.0,,,4,Customer_by_SrcNumberRoute_pt2024-04-15 00:00:00to2024-04-15 00:00:00.xlsx,,
397,110,2024-15,Zoomtel LLC,4.0,,,4,Customer_by_SrcNumberRoute_pt2024-04-15 00:00:00to2024-04-15 00:00:00.xlsx,,
398,93,2024-15,TRIAR,4.0,,,4,Customer_by_SrcNumberRoute_pt2024-04-15 00:00:00to2024-04-15 00:00:00.xlsx,,
399,13,2024-15,Apelby,3.0,,,3,Customer_by_SrcNumberRoute_pt2024-04-15 00:00:00to2024-04-15 00:00:00.xlsx,,
400,77,2024-15,Phonetic Limited USD,3.0,,,3,Customer_by_SrcNumberRoute_pt2024-04-15 00:00:00to2024-04-15 00:00:00.xlsx,,
401,25,2024-15,Cima Telecom,3.0,,,3,Customer_by_SrcNumberRoute_pt2024-04-15 00:00:00to2024-04-15 00:00:00.xlsx,,
402,82,2024-15,Qxtel Limited LLA_Corridor,3.0,,,3,Customer_by_SrcNumberRoute_pt2024-04-15 00:00:00to2024-04-15 00:00:00.xlsx,,
403,62,2024-15,Lycatel,1.0,1.0,,2,Customer_by_SrcNumberRoute_pt2024-04-15 00:00:00to2024-04-15 00:00:00.xlsx,,
404,107,2024-15,Voiptel Lp,2.0,,,2,Customer_by_SrcNumberRoute_pt2024-04-15 00:00:00to2024-04-15 00:00:00.xlsx,,
405,8,2024-15,ASCADE-ASSURE,2.0,,,2,Customer_by_SrcNumberRoute_pt2024-04-15 00:00:00to2024-04-15 00:00:00.xlsx,,
406,12,2024-15,Andros Lakeside RETURN,2.0,,,2,Customer_by_SrcNumberRoute_pt2024-04-15 00:00:00to2024-04-15 00:00:00.xlsx,,
407,105,2024-15,Verscom,1.0,,,1,Customer_by_SrcNumberRoute_pt2024-04-15 00:00:00to2024-04-15 00:00:00.xlsx,,
408,64,2024-15,Messagebird,1.0,,,1,Customer_by_SrcNumberRoute_pt2024-04-15 00:00:00to2024-04-15 00:00:00.xlsx,,
409,89,2024-15,TELECOM ITALIA USD,1.0,,,1,Customer_by_SrcNumberRoute_pt2024-04-15 00:00:00to2024-04-15 00:00:00.xlsx,,
410,91,2024-15,TIWS GOLD,1.0,,,1,Customer_by_SrcNumberRoute_pt2024-04-15 00:00:00to2024-04-15 00:00:00.xlsx,,
411,11,2024-15,Aloma Communication RETURN,1.0,,,1,Customer_by_SrcNumberRoute_pt2024-04-15 00:00:00to2024-04-15 00:00:00.xlsx,,
412,99,2024-15,Titan International Wholesale,1.0,,,1,Customer_by_SrcNumberRoute_pt2024-04-15 00:00:00to2024-04-15 00:00:00.xlsx,,
413,112,2024-15,Zoomtel Platinum,,,1.0,1,Customer_by_SrcNumberRoute_pt2024-04-15 00:00:00to2024-04-15 00:00:00.xlsx,,
414,66,2024-12,Liberty Communications of Puerto Rico,180.0,827805.0,36.0,828021,Customer_by_SrcNumberRoute_pt2024-03-25 00:00:00to2024-03-25 00:00:00.xlsx,,
415,37,2024-12,Flow Jamaica Columbus Networks,261.0,803080.0,48.0,803390,Customer_by_SrcNumberRoute_pt2024-03-25 00:00:00to2024-03-25 00:00:00.xlsx,1.0,
416,36,2024-12,Etisalat,18.0,67391.0,7.0,67416,Customer_by_SrcNumberRoute_pt2024-03-25 00:00:00to2024-03-25 00:00:00.xlsx,,
417,107,2024-12,Telin Neutrafix,17.0,60851.0,,60868,Customer_by_SrcNumberRoute_pt2024-03-25 00:00:00to2024-03-25 00:00:00.xlsx,,
418,86,2024-12,Peerless Network CUSTOMER,11347.0,45985.0,,57332,Customer_by_SrcNumberRoute_pt2024-03-25 00:00:00to2024-03-25 00:00:00.xlsx,,
419,19,2024-12,Belgacom,996.0,39233.0,9.0,40238,Customer_by_SrcNumberRoute_pt2024-03-25 00:00:00to2024-03-25 00:00:00.xlsx,,
420,48,2024-12,Ibasis Global Inc,62.0,37643.0,1.0,37706,Customer_by_SrcNumberRoute_pt2024-03-25 00:00:00to2024-03-25 00:00:00.xlsx,,
421,9,2024-12,AT&T Corp,978.0,14626.0,1.0,15605,Customer_by_SrcNumberRoute_pt2024-03-25 00:00:00to2024-03-25 00:00:00.xlsx,,
422,96,2024-12,T-Mobile,79.0,15307.0,,15386,Customer_by_SrcNumberRoute_pt2024-03-25 00:00:00to2024-03-25 00:00:00.xlsx,,
423,105,2024-12,Tata Communications Inc.,1060.0,12331.0,2.0,13393,Customer_by_SrcNumberRoute_pt2024-03-25 00:00:00to2024-03-25 00:00:00.xlsx,,
424,15,2024-12,Ariatel,1452.0,11021.0,4.0,12477,Customer_by_SrcNumberRoute_pt2024-03-25 00:00:00to2024-03-25 00:00:00.xlsx,,
425,111,2024-12,Twilio,29.0,7025.0,,7054,Customer_by_SrcNumberRoute_pt2024-03-25 00:00:00to2024-03-25 00:00:00.xlsx,,
426,103,2024-12,TSTT,,6208.0,,6208,Customer_by_SrcNumberRoute_pt2024-03-25 00:00:00to2024-03-25 00:00:00.xlsx,,
427,30,2024-12,Computer Tel Inc,45.0,5703.0,210.0,5958,Customer_by_SrcNumberRoute_pt2024-03-25 00:00:00to2024-03-25 00:00:00.xlsx,,
428,115,2024-12,Verizon,84.0,5107.0,,5191,Customer_by_SrcNumberRoute_pt2024-03-25 00:00:00to2024-03-25 00:00:00.xlsx,,
429,110,2024-12,Turk Telekom International,46.0,4462.0,1.0,4509,Customer_by_SrcNumberRoute_pt2024-03-25 00:00:00to2024-03-25 00:00:00.xlsx,,
430,90,2024-12,Qxtel Limited LLA,9.0,4348.0,,4357,Customer_by_SrcNumberRoute_pt2024-03-25 00:00:00to2024-03-25 00:00:00.xlsx,,
431,23,2024-12,Cable Bahamas,432.0,3760.0,,4192,Customer_by_SrcNumberRoute_pt2024-03-25 00:00:00to2024-03-25 00:00:00.xlsx,,
432,8,2024-12,ASIAAT,,3026.0,,3026,Customer_by_SrcNumberRoute_pt2024-03-25 00:00:00to2024-03-25 00:00:00.xlsx,,
433,31,2024-12,Computer Tel Inc USA,13.0,2929.0,,2943,Customer_by_SrcNumberRoute_pt2024-03-25 00:00:00to2024-03-25 00:00:00.xlsx,,1.0
434,28,2024-12,Codetel,3.0,2850.0,,2853,Customer_by_SrcNumberRoute_pt2024-03-25 00:00:00to2024-03-25 00:00:00.xlsx,,
435,40,2024-12,GmTelecom LLA,732.0,1655.0,1.0,2388,Customer_by_SrcNumberRoute_pt2024-03-25 00:00:00to2024-03-25 00:00:00.xlsx,,
436,82,2024-12,Oteglobe,18.0,2092.0,,2110,Customer_by_SrcNumberRoute_pt2024-03-25 00:00:00to2024-03-25 00:00:00.xlsx,,
437,17,2024-12,BTS,127.0,1924.0,,2051,Customer_by_SrcNumberRoute_pt2024-03-25 00:00:00to2024-03-25 00:00:00.xlsx,,
438,93,2024-12,Sinch,67.0,1815.0,1.0,1883,Customer_by_SrcNumberRoute_pt2024-03-25 00:00:00to2024-03-25 00:00:00.xlsx,,
439,116,2024-12,Vodafone Ltd,4.0,1733.0,,1737,Customer_by_SrcNumberRoute_pt2024-03-25 00:00:00to2024-03-25 00:00:00.xlsx,,
440,32,2024-12,Deutsche Telecom,697.0,841.0,8.0,1546,Customer_by_SrcNumberRoute_pt2024-03-25 00:00:00to2024-03-25 00:00:00.xlsx,,
441,89,2024-12,Qxtel Limited,10.0,1361.0,,1371,Customer_by_SrcNumberRoute_pt2024-03-25 00:00:00to2024-03-25 00:00:00.xlsx,,
442,43,2024-12,HGC Premium,1.0,1316.0,,1317,Customer_by_SrcNumberRoute_pt2024-03-25 00:00:00to2024-03-25 00:00:00.xlsx,,
443,78,2024-12,Orange FRANCE,245.0,967.0,,1212,Customer_by_SrcNumberRoute_pt2024-03-25 00:00:00to2024-03-25 00:00:00.xlsx,,
444,83,2024-12,PCCW Global UK Limited ,260.0,931.0,,1191,Customer_by_SrcNumberRoute_pt2024-03-25 00:00:00to2024-03-25 00:00:00.xlsx,,
445,92,2024-12,Raza Telecom,24.0,1082.0,,1106,Customer_by_SrcNumberRoute_pt2024-03-25 00:00:00to2024-03-25 00:00:00.xlsx,,
446,60,2024-12,Lanck Telecom,,995.0,1.0,996,Customer_by_SrcNumberRoute_pt2024-03-25 00:00:00to2024-03-25 00:00:00.xlsx,,
447,70,2024-12,Messagebird,,929.0,,929,Customer_by_SrcNumberRoute_pt2024-03-25 00:00:00to2024-03-25 00:00:00.xlsx,,
448,46,2024-12,IDT LLA,120.0,793.0,,913,Customer_by_SrcNumberRoute_pt2024-03-25 00:00:00to2024-03-25 00:00:00.xlsx,,
449,10,2024-12,Alcasagar,48.0,845.0,,893,Customer_by_SrcNumberRoute_pt2024-03-25 00:00:00to2024-03-25 00:00:00.xlsx,,
450,12,2024-12,Andros Lakeside RETURN,1.0,856.0,,857,Customer_by_SrcNumberRoute_pt2024-03-25 00:00:00to2024-03-25 00:00:00.xlsx,,
451,51,2024-12,Identidad Promo 93 CLIENTE,,856.0,,856,Customer_by_SrcNumberRoute_pt2024-03-25 00:00:00to2024-03-25 00:00:00.xlsx,,
452,104,2024-12,Tata Communications Inc LLA,126.0,666.0,1.0,793,Customer_by_SrcNumberRoute_pt2024-03-25 00:00:00to2024-03-25 00:00:00.xlsx,,
453,61,2024-12,Last Mile Corp,475.0,308.0,,783,Customer_by_SrcNumberRoute_pt2024-03-25 00:00:00to2024-03-25 00:00:00.xlsx,,
454,84,2024-12,PLDT,20.0,755.0,,775,Customer_by_SrcNumberRoute_pt2024-03-25 00:00:00to2024-03-25 00:00:00.xlsx,,
455,58,2024-12,Impact Telecom,385.0,383.0,,768,Customer_by_SrcNumberRoute_pt2024-03-25 00:00:00to2024-03-25 00:00:00.xlsx,,
456,35,2024-12,Etelix Net,452.0,274.0,,726,Customer_by_SrcNumberRoute_pt2024-03-25 00:00:00to2024-03-25 00:00:00.xlsx,,
457,57,2024-12,Identidad Promo SalBel TIWS CLIENTE,2.0,623.0,,625,Customer_by_SrcNumberRoute_pt2024-03-25 00:00:00to2024-03-25 00:00:00.xlsx,,
458,34,2024-12,Digicel,128.0,468.0,,596,Customer_by_SrcNumberRoute_pt2024-03-25 00:00:00to2024-03-25 00:00:00.xlsx,,
459,73,2024-12,NGN Sweden Communications AB (DBA Datora),300.0,211.0,1.0,512,Customer_by_SrcNumberRoute_pt2024-03-25 00:00:00to2024-03-25 00:00:00.xlsx,,
460,52,2024-12,Identidad Promo Airtel Customer,3.0,476.0,,479,Customer_by_SrcNumberRoute_pt2024-03-25 00:00:00to2024-03-25 00:00:00.xlsx,,
461,16,2024-12,Atheeb,1.0,476.0,,477,Customer_by_SrcNumberRoute_pt2024-03-25 00:00:00to2024-03-25 00:00:00.xlsx,,
462,50,2024-12,Identidad Promo 92 CLIENTE,1.0,460.0,,461,Customer_by_SrcNumberRoute_pt2024-03-25 00:00:00to2024-03-25 00:00:00.xlsx,,
463,85,2024-12,Peace Communication RETURN,,460.0,,460,Customer_by_SrcNumberRoute_pt2024-03-25 00:00:00to2024-03-25 00:00:00.xlsx,,
464,102,2024-12,TRIAR,13.0,393.0,,406,Customer_by_SrcNumberRoute_pt2024-03-25 00:00:00to2024-03-25 00:00:00.xlsx,,
465,18,2024-12,BTS LLA,130.0,263.0,,393,Customer_by_SrcNumberRoute_pt2024-03-25 00:00:00to2024-03-25 00:00:00.xlsx,,
466,59,2024-12,Ipbtel,256.0,114.0,,370,Customer_by_SrcNumberRoute_pt2024-03-25 00:00:00to2024-03-25 00:00:00.xlsx,,
467,63,2024-12,Latinatel,281.0,89.0,,370,Customer_by_SrcNumberRoute_pt2024-03-25 00:00:00to2024-03-25 00:00:00.xlsx,,
468,13,2024-12,Apelby,11.0,343.0,,354,Customer_by_SrcNumberRoute_pt2024-03-25 00:00:00to2024-03-25 00:00:00.xlsx,,
469,54,2024-12,Identidad Promo JM CLIENTE,28.0,312.0,,340,Customer_by_SrcNumberRoute_pt2024-03-25 00:00:00to2024-03-25 00:00:00.xlsx,,
470,49,2024-12,Identidad Promo 91 CLIENTE,1.0,322.0,,323,Customer_by_SrcNumberRoute_pt2024-03-25 00:00:00to2024-03-25 00:00:00.xlsx,,
471,11,2024-12,Aloma Communication RETURN,,322.0,,322,Customer_by_SrcNumberRoute_pt2024-03-25 00:00:00to2024-03-25 00:00:00.xlsx,,
472,100,2024-12,TIWS,42.0,270.0,1.0,313,Customer_by_SrcNumberRoute_pt2024-03-25 00:00:00to2024-03-25 00:00:00.xlsx,,
473,14,2024-12,Arelion U.S. Inc.,1.0,283.0,,284,Customer_by_SrcNumberRoute_pt2024-03-25 00:00:00to2024-03-25 00:00:00.xlsx,,
474,29,2024-12,CommPeak,4.0,247.0,,251,Customer_by_SrcNumberRoute_pt2024-03-25 00:00:00to2024-03-25 00:00:00.xlsx,,
475,91,2024-12,RSCom,83.0,154.0,,237,Customer_by_SrcNumberRoute_pt2024-03-25 00:00:00to2024-03-25 00:00:00.xlsx,,
476,44,2024-12,Hayo Telecom Platinum,,175.0,,175,Customer_by_SrcNumberRoute_pt2024-03-25 00:00:00to2024-03-25 00:00:00.xlsx,,
477,72,2024-12,Multiphone LA,,139.0,,139,Customer_by_SrcNumberRoute_pt2024-03-25 00:00:00to2024-03-25 00:00:00.xlsx,,
478,20,2024-12,Bezeq International,62.0,72.0,,134,Customer_by_SrcNumberRoute_pt2024-03-25 00:00:00to2024-03-25 00:00:00.xlsx,,
479,33,2024-12,Dial Tel PTE. LTD PREM,134.0,,,134,Customer_by_SrcNumberRoute_pt2024-03-25 00:00:00to2024-03-25 00:00:00.xlsx,,
480,6,2024-12,AIRTEL Silver Trunk,71.0,56.0,,127,Customer_by_SrcNumberRoute_pt2024-03-25 00:00:00to2024-03-25 00:00:00.xlsx,,
481,55,2024-12,Identidad Promo JM HT CLIENTE,8.0,114.0,4.0,126,Customer_by_SrcNumberRoute_pt2024-03-25 00:00:00to2024-03-25 00:00:00.xlsx,,
482,41,2024-12,Graycom Special,7.0,114.0,4.0,125,Customer_by_SrcNumberRoute_pt2024-03-25 00:00:00to2024-03-25 00:00:00.xlsx,,
483,65,2024-12,Ld Telecom Nexogy,64.0,60.0,,124,Customer_by_SrcNumberRoute_pt2024-03-25 00:00:00to2024-03-25 00:00:00.xlsx,,
484,87,2024-12,Phonetic Limited USD,,121.0,,121,Customer_by_SrcNumberRoute_pt2024-03-25 00:00:00to2024-03-25 00:00:00.xlsx,,
485,64,2024-12,Latino Communications,,107.0,,107,Customer_by_SrcNumberRoute_pt2024-03-25 00:00:00to2024-03-25 00:00:00.xlsx,,
486,4,2024-12,ADC s.r.l.,63.0,40.0,,103,Customer_by_SrcNumberRoute_pt2024-03-25 00:00:00to2024-03-25 00:00:00.xlsx,,
487,118,2024-12,VoxCarrier Limited,5.0,92.0,,97,Customer_by_SrcNumberRoute_pt2024-03-25 00:00:00to2024-03-25 00:00:00.xlsx,,
488,7,2024-12,AMAZON DIDs CUSTOMER,14.0,81.0,,95,Customer_by_SrcNumberRoute_pt2024-03-25 00:00:00to2024-03-25 00:00:00.xlsx,,
489,77,2024-12,ODD Holding Ltd,83.0,,,83,Customer_by_SrcNumberRoute_pt2024-03-25 00:00:00to2024-03-25 00:00:00.xlsx,,
490,67,2024-12,Look International Inc (Sinpin),68.0,14.0,,82,Customer_by_SrcNumberRoute_pt2024-03-25 00:00:00to2024-03-25 00:00:00.xlsx,,
491,81,2024-12,Orbitel - UNE,30.0,40.0,,70,Customer_by_SrcNumberRoute_pt2024-03-25 00:00:00to2024-03-25 00:00:00.xlsx,,
492,38,2024-12,Flow Jamaica Columbus Networks DID AMAZON,52.0,16.0,,68,Customer_by_SrcNumberRoute_pt2024-03-25 00:00:00to2024-03-25 00:00:00.xlsx,,
493,76,2024-12,Nobel Globe,45.0,16.0,,61,Customer_by_SrcNumberRoute_pt2024-03-25 00:00:00to2024-03-25 00:00:00.xlsx,,
494,120,2024-12,Zoomtel LLC Gold,23.0,3.0,31.0,57,Customer_by_SrcNumberRoute_pt2024-03-25 00:00:00to2024-03-25 00:00:00.xlsx,,
495,69,2024-12,Mada,1.0,48.0,,49,Customer_by_SrcNumberRoute_pt2024-03-25 00:00:00to2024-03-25 00:00:00.xlsx,,
496,45,2024-12,IDT,15.0,30.0,,45,Customer_by_SrcNumberRoute_pt2024-03-25 00:00:00to2024-03-25 00:00:00.xlsx,,
497,21,2024-12,CJC Global Connections Limited,7.0,38.0,,45,Customer_by_SrcNumberRoute_pt2024-03-25 00:00:00to2024-03-25 00:00:00.xlsx,,
498,56,2024-12,Identidad Promo JM SG CLIENTE ,7.0,38.0,,45,Customer_by_SrcNumberRoute_pt2024-03-25 00:00:00to2024-03-25 00:00:00.xlsx,,
499,114,2024-12,Verge Communications,3.0,40.0,,43,Customer_by_SrcNumberRoute_pt2024-03-25 00:00:00to2024-03-25 00:00:00.xlsx,,
500,99,2024-12,TELECOM ITALIA USD,37.0,1.0,,38,Customer_by_SrcNumberRoute_pt2024-03-25 00:00:00to2024-03-25 00:00:00.xlsx,,
501,119,2024-12,Zoomtel LLC,,32.0,,32,Customer_by_SrcNumberRoute_pt2024-03-25 00:00:00to2024-03-25 00:00:00.xlsx,,
502,94,2024-12,Sipstatus Corporation,22.0,9.0,,31,Customer_by_SrcNumberRoute_pt2024-03-25 00:00:00to2024-03-25 00:00:00.xlsx,,
503,108,2024-12,Telmex USA,25.0,2.0,1.0,28,Customer_by_SrcNumberRoute_pt2024-03-25 00:00:00to2024-03-25 00:00:00.xlsx,,
504,39,2024-12,GmTelecom,,28.0,,28,Customer_by_SrcNumberRoute_pt2024-03-25 00:00:00to2024-03-25 00:00:00.xlsx,,
505,98,2024-12,TELECOM ITALIA EUR,28.0,,,28,Customer_by_SrcNumberRoute_pt2024-03-25 00:00:00to2024-03-25 00:00:00.xlsx,,
506,122,2024-12,Zoomtel Platinum,16.0,9.0,1.0,26,Customer_by_SrcNumberRoute_pt2024-03-25 00:00:00to2024-03-25 00:00:00.xlsx,,
507,88,2024-12,Qxtel ASIA,1.0,21.0,,22,Customer_by_SrcNumberRoute_pt2024-03-25 00:00:00to2024-03-25 00:00:00.xlsx,,
508,3,2024-12,A - Z Identidad Telecom,,3.0,17.0,20,Customer_by_SrcNumberRoute_pt2024-03-25 00:00:00to2024-03-25 00:00:00.xlsx,,
509,47,2024-12,IPBtel DID (C3NTRO) Customer,20.0,,,20,Customer_by_SrcNumberRoute_pt2024-03-25 00:00:00to2024-03-25 00:00:00.xlsx,,
510,62,2024-12,Last Mile Corp LLA,9.0,9.0,,18,Customer_by_SrcNumberRoute_pt2024-03-25 00:00:00to2024-03-25 00:00:00.xlsx,,
511,80,2024-12,Orange Telecom,8.0,9.0,,17,Customer_by_SrcNumberRoute_pt2024-03-25 00:00:00to2024-03-25 00:00:00.xlsx,,
512,97,2024-12,T-Mobile WIT,,16.0,,16,Customer_by_SrcNumberRoute_pt2024-03-25 00:00:00to2024-03-25 00:00:00.xlsx,,
513,113,2024-12,VR Telecom S.L,,10.0,6.0,16,Customer_by_SrcNumberRoute_pt2024-03-25 00:00:00to2024-03-25 00:00:00.xlsx,,
514,101,2024-12,TNZI,11.0,4.0,,15,Customer_by_SrcNumberRoute_pt2024-03-25 00:00:00to2024-03-25 00:00:00.xlsx,,
515,121,2024-12,Zoomtel LLC Premium ,,15.0,,15,Customer_by_SrcNumberRoute_pt2024-03-25 00:00:00to2024-03-25 00:00:00.xlsx,,
516,0,2024-12,10Tel LLC - TISNA USD,15.0,,,15,Customer_by_SrcNumberRoute_pt2024-03-25 00:00:00to2024-03-25 00:00:00.xlsx,,
517,22,2024-12,CMA-CGM CUSTOMER DID,,14.0,,14,Customer_by_SrcNumberRoute_pt2024-03-25 00:00:00to2024-03-25 00:00:00.xlsx,,
518,42,2024-12,Group of Goldline,7.0,5.0,,12,Customer_by_SrcNumberRoute_pt2024-03-25 00:00:00to2024-03-25 00:00:00.xlsx,,
519,106,2024-12,"Telco 214, Inc",,11.0,,11,Customer_by_SrcNumberRoute_pt2024-03-25 00:00:00to2024-03-25 00:00:00.xlsx,,
520,26,2024-12,China Mobile International Ltd.,4.0,6.0,,10,Customer_by_SrcNumberRoute_pt2024-03-25 00:00:00to2024-03-25 00:00:00.xlsx,,
521,112,2024-12,Unlimited Recharge,,9.0,,9,Customer_by_SrcNumberRoute_pt2024-03-25 00:00:00to2024-03-25 00:00:00.xlsx,,
522,2,2024-12,382 Communications,2.0,7.0,,9,Customer_by_SrcNumberRoute_pt2024-03-25 00:00:00to2024-03-25 00:00:00.xlsx,,
523,74,2024-12,Netconnect,,8.0,,8,Customer_by_SrcNumberRoute_pt2024-03-25 00:00:00to2024-03-25 00:00:00.xlsx,,
524,25,2024-12,China Mobile International,8.0,,,8,Customer_by_SrcNumberRoute_pt2024-03-25 00:00:00to2024-03-25 00:00:00.xlsx,,
525,68,2024-12,Lycatel,,6.0,,6,Customer_by_SrcNumberRoute_pt2024-03-25 00:00:00to2024-03-25 00:00:00.xlsx,,
526,24,2024-12,Cable Onda SA,6.0,,,6,Customer_by_SrcNumberRoute_pt2024-03-25 00:00:00to2024-03-25 00:00:00.xlsx,,
527,71,2024-12,Modulus,2.0,3.0,,5,Customer_by_SrcNumberRoute_pt2024-03-25 00:00:00to2024-03-25 00:00:00.xlsx,,
528,27,2024-12,Cima Telecom,1.0,4.0,,5,Customer_by_SrcNumberRoute_pt2024-03-25 00:00:00to2024-03-25 00:00:00.xlsx,,
529,53,2024-12,Identidad Promo CLIENTE,5.0,,,5,Customer_by_SrcNumberRoute_pt2024-03-25 00:00:00to2024-03-25 00:00:00.xlsx,,
530,75,2024-12,Network Ip,1.0,3.0,,4,Customer_by_SrcNumberRoute_pt2024-03-25 00:00:00to2024-03-25 00:00:00.xlsx,,
531,5,2024-12,AIRTEL Bronze Trunk,4.0,,,4,Customer_by_SrcNumberRoute_pt2024-03-25 00:00:00to2024-03-25 00:00:00.xlsx,,
532,79,2024-12,Orange Romania,,4.0,,4,Customer_by_SrcNumberRoute_pt2024-03-25 00:00:00to2024-03-25 00:00:00.xlsx,,
533,95,2024-12,Sunrise EUR,,3.0,,3,Customer_by_SrcNumberRoute_pt2024-03-25 00:00:00to2024-03-25 00:00:00.xlsx,,
534,1,2024-12,10Tel LLC CUSTOMER,,2.0,,2,Customer_by_SrcNumberRoute_pt2024-03-25 00:00:00to2024-03-25 00:00:00.xlsx,,
535,109,2024-12,Trilogy Dominicana S.A.,2.0,,,2,Customer_by_SrcNumberRoute_pt2024-03-25 00:00:00to2024-03-25 00:00:00.xlsx,,
536,117,2024-12,Voiptel Lp,2.0,,,2,Customer_by_SrcNumberRoute_pt2024-03-25 00:00:00to2024-03-25 00:00:00.xlsx,,
537,77,2024-10,Peerless Network CUSTOMER,32773.0,9.0,,32782,Customer_by_SrcNumberRoute_pt2024-03-11 00:00:00to2024-03-11 00:00:00.xlsx,,
538,12,2024-10,Ariatel,14170.0,3356.0,2.0,17528,Customer_by_SrcNumberRoute_pt2024-03-11 00:00:00to2024-03-11 00:00:00.xlsx,,
539,32,2024-10,Etelix Net,8040.0,1.0,,8041,Customer_by_SrcNumberRoute_pt2024-03-11 00:00:00to2024-03-11 00:00:00.xlsx,,
540,17,2024-10,Belgacom,4120.0,218.0,13.0,4351,Customer_by_SrcNumberRoute_pt2024-03-11 00:00:00to2024-03-11 00:00:00.xlsx,,
541,34,2024-10,Flow Jamaica Columbus Networks,623.0,2677.0,43.0,3343,Customer_by_SrcNumberRoute_pt2024-03-11 00:00:00to2024-03-11 00:00:00.xlsx,,
542,54,2024-10,Ipbtel,3267.0,,,3267,Customer_by_SrcNumberRoute_pt2024-03-11 00:00:00to2024-03-11 00:00:00.xlsx,,
543,7,2024-10,AT&T Corp,1244.0,35.0,8.0,1287,Customer_by_SrcNumberRoute_pt2024-03-11 00:00:00to2024-03-11 00:00:00.xlsx,,
544,61,2024-10,Liberty Communications of Puerto Rico,233.0,753.0,32.0,1018,Customer_by_SrcNumberRoute_pt2024-03-11 00:00:00to2024-03-11 00:00:00.xlsx,,
545,95,2024-10,Tata Communications Inc.,802.0,,1.0,803,Customer_by_SrcNumberRoute_pt2024-03-11 00:00:00to2024-03-11 00:00:00.xlsx,,
546,55,2024-10,Lanck Telecom,802.0,,,802,Customer_by_SrcNumberRoute_pt2024-03-11 00:00:00to2024-03-11 00:00:00.xlsx,,
547,38,2024-10,GmTelecom LLA,693.0,,8.0,701,Customer_by_SrcNumberRoute_pt2024-03-11 00:00:00to2024-03-11 00:00:00.xlsx,,
548,56,2024-10,Last Mile Corp,643.0,,,643,Customer_by_SrcNumberRoute_pt2024-03-11 00:00:00to2024-03-11 00:00:00.xlsx,,
549,20,2024-10,Cable Bahamas,436.0,8.0,6.0,450,Customer_by_SrcNumberRoute_pt2024-03-11 00:00:00to2024-03-11 00:00:00.xlsx,,
550,29,2024-10,Deutsche Telecom,446.0,,,446,Customer_by_SrcNumberRoute_pt2024-03-11 00:00:00to2024-03-11 00:00:00.xlsx,,
551,58,2024-10,Latinatel,404.0,,,404,Customer_by_SrcNumberRoute_pt2024-03-11 00:00:00to2024-03-11 00:00:00.xlsx,,
552,31,2024-10,Digicel,318.0,,,318,Customer_by_SrcNumberRoute_pt2024-03-11 00:00:00to2024-03-11 00:00:00.xlsx,,
553,87,2024-10,T-Mobile,193.0,49.0,,242,Customer_by_SrcNumberRoute_pt2024-03-11 00:00:00to2024-03-11 00:00:00.xlsx,,
554,5,2024-10,AIRTEL Silver Trunk,239.0,,,239,Customer_by_SrcNumberRoute_pt2024-03-11 00:00:00to2024-03-11 00:00:00.xlsx,,
555,45,2024-10,Ibasis Global Inc,222.0,,12.0,234,Customer_by_SrcNumberRoute_pt2024-03-11 00:00:00to2024-03-11 00:00:00.xlsx,,
556,94,2024-10,Tata Communications Inc LLA,226.0,5.0,,231,Customer_by_SrcNumberRoute_pt2024-03-11 00:00:00to2024-03-11 00:00:00.xlsx,,
557,69,2024-10,Orange FRANCE,224.0,,,224,Customer_by_SrcNumberRoute_pt2024-03-11 00:00:00to2024-03-11 00:00:00.xlsx,,
558,74,2024-10,PCCW Global UK Limited ,219.0,,,219,Customer_by_SrcNumberRoute_pt2024-03-11 00:00:00to2024-03-11 00:00:00.xlsx,,
559,53,2024-10,Impact Telecom,200.0,,,200,Customer_by_SrcNumberRoute_pt2024-03-11 00:00:00to2024-03-11 00:00:00.xlsx,,
560,96,2024-10,Telin Neutrafix,127.0,42.0,,169,Customer_by_SrcNumberRoute_pt2024-03-11 00:00:00to2024-03-11 00:00:00.xlsx,,
561,16,2024-10,BTS LLA,161.0,,,161,Customer_by_SrcNumberRoute_pt2024-03-11 00:00:00to2024-03-11 00:00:00.xlsx,,
562,3,2024-10,ADC s.r.l.,146.0,,,146,Customer_by_SrcNumberRoute_pt2024-03-11 00:00:00to2024-03-11 00:00:00.xlsx,,
563,28,2024-10,Computer Tel Inc,139.0,1.0,,140,Customer_by_SrcNumberRoute_pt2024-03-11 00:00:00to2024-03-11 00:00:00.xlsx,,
564,15,2024-10,BTS,120.0,5.0,,125,Customer_by_SrcNumberRoute_pt2024-03-11 00:00:00to2024-03-11 00:00:00.xlsx,,
565,85,2024-10,Sinch,120.0,,4.0,124,Customer_by_SrcNumberRoute_pt2024-03-11 00:00:00to2024-03-11 00:00:00.xlsx,,
566,60,2024-10,Ld Telecom Nexogy,124.0,,,124,Customer_by_SrcNumberRoute_pt2024-03-11 00:00:00to2024-03-11 00:00:00.xlsx,,
567,35,2024-10,Flow Jamaica Columbus Networks DID,118.0,,,118,Customer_by_SrcNumberRoute_pt2024-03-11 00:00:00to2024-03-11 00:00:00.xlsx,,
568,33,2024-10,Etisalat,26.0,45.0,35.0,106,Customer_by_SrcNumberRoute_pt2024-03-11 00:00:00to2024-03-11 00:00:00.xlsx,,
569,30,2024-10,Dial Tel PTE. LTD PREM,99.0,,,99,Customer_by_SrcNumberRoute_pt2024-03-11 00:00:00to2024-03-11 00:00:00.xlsx,,
570,104,2024-10,Verizon,49.0,37.0,,86,Customer_by_SrcNumberRoute_pt2024-03-11 00:00:00to2024-03-11 00:00:00.xlsx,,
571,67,2024-10,Nobel Globe,85.0,,,85,Customer_by_SrcNumberRoute_pt2024-03-11 00:00:00to2024-03-11 00:00:00.xlsx,,
572,70,2024-10,Orange Romania,83.0,,,83,Customer_by_SrcNumberRoute_pt2024-03-11 00:00:00to2024-03-11 00:00:00.xlsx,,
573,18,2024-10,Bezeq International,83.0,,,83,Customer_by_SrcNumberRoute_pt2024-03-11 00:00:00to2024-03-11 00:00:00.xlsx,,
574,43,2024-10,IDT LLA,82.0,,,82,Customer_by_SrcNumberRoute_pt2024-03-11 00:00:00to2024-03-11 00:00:00.xlsx,,
575,68,2024-10,ODD Holding Ltd,77.0,,,77,Customer_by_SrcNumberRoute_pt2024-03-11 00:00:00to2024-03-11 00:00:00.xlsx,,
576,101,2024-10,Twilio,71.0,1.0,,72,Customer_by_SrcNumberRoute_pt2024-03-11 00:00:00to2024-03-11 00:00:00.xlsx,,
577,59,2024-10,Latino Communications,68.0,4.0,,72,Customer_by_SrcNumberRoute_pt2024-03-11 00:00:00to2024-03-11 00:00:00.xlsx,,
578,100,2024-10,Turk Telekom International,50.0,17.0,,67,Customer_by_SrcNumberRoute_pt2024-03-11 00:00:00to2024-03-11 00:00:00.xlsx,,
579,83,2024-10,RSCom,62.0,,,62,Customer_by_SrcNumberRoute_pt2024-03-11 00:00:00to2024-03-11 00:00:00.xlsx,,
580,62,2024-10,Look International Inc (Sinpin),60.0,,,60,Customer_by_SrcNumberRoute_pt2024-03-11 00:00:00to2024-03-11 00:00:00.xlsx,,
581,2,2024-10,A - Z Identidad Telecom,,9.0,46.0,55,Customer_by_SrcNumberRoute_pt2024-03-11 00:00:00to2024-03-11 00:00:00.xlsx,,
582,92,2024-10,TRIAR,52.0,,,52,Customer_by_SrcNumberRoute_pt2024-03-11 00:00:00to2024-03-11 00:00:00.xlsx,,
583,80,2024-10,Qxtel Limited,36.0,10.0,1.0,47,Customer_by_SrcNumberRoute_pt2024-03-11 00:00:00to2024-03-11 00:00:00.xlsx,,
584,65,2024-10,Netconnect,47.0,,,47,Customer_by_SrcNumberRoute_pt2024-03-11 00:00:00to2024-03-11 00:00:00.xlsx,,
585,75,2024-10,PLDT,39.0,,,39,Customer_by_SrcNumberRoute_pt2024-03-11 00:00:00to2024-03-11 00:00:00.xlsx,,
586,81,2024-10,Qxtel Limited LLA,23.0,11.0,,34,Customer_by_SrcNumberRoute_pt2024-03-11 00:00:00to2024-03-11 00:00:00.xlsx,,
587,73,2024-10,Oteglobe,21.0,,12.0,33,Customer_by_SrcNumberRoute_pt2024-03-11 00:00:00to2024-03-11 00:00:00.xlsx,,
588,72,2024-10,Orbitel - UNE,30.0,,3.0,33,Customer_by_SrcNumberRoute_pt2024-03-11 00:00:00to2024-03-11 00:00:00.xlsx,,
589,4,2024-10,AIRTEL Bronze Trunk,33.0,,,33,Customer_by_SrcNumberRoute_pt2024-03-11 00:00:00to2024-03-11 00:00:00.xlsx,,
590,84,2024-10,Raza Telecom,33.0,,,33,Customer_by_SrcNumberRoute_pt2024-03-11 00:00:00to2024-03-11 00:00:00.xlsx,,
591,97,2024-10,Telmex USA,31.0,,,31,Customer_by_SrcNumberRoute_pt2024-03-11 00:00:00to2024-03-11 00:00:00.xlsx,,
592,42,2024-10,IDT,27.0,,3.0,30,Customer_by_SrcNumberRoute_pt2024-03-11 00:00:00to2024-03-11 00:00:00.xlsx,,
593,64,2024-10,NGN Sweden Communications AB (DBA Datora),29.0,,,29,Customer_by_SrcNumberRoute_pt2024-03-11 00:00:00to2024-03-11 00:00:00.xlsx,,
594,44,2024-10,IPBtel DID (C3NTRO) Customer,26.0,,,26,Customer_by_SrcNumberRoute_pt2024-03-11 00:00:00to2024-03-11 00:00:00.xlsx,,
595,98,2024-10,Titan International Wholesale,26.0,,,26,Customer_by_SrcNumberRoute_pt2024-03-11 00:00:00to2024-03-11 00:00:00.xlsx,,
596,50,2024-10,Identidad Promo JM CLIENTE,25.0,,1.0,26,Customer_by_SrcNumberRoute_pt2024-03-11 00:00:00to2024-03-11 00:00:00.xlsx,,
597,108,2024-10,Zoomtel LLC Gold,10.0,1.0,14.0,25,Customer_by_SrcNumberRoute_pt2024-03-11 00:00:00to2024-03-11 00:00:00.xlsx,,
598,90,2024-10,TIWS,22.0,1.0,,23,Customer_by_SrcNumberRoute_pt2024-03-11 00:00:00to2024-03-11 00:00:00.xlsx,,
599,48,2024-10,Identidad Promo Airtel Customer,21.0,,,21,Customer_by_SrcNumberRoute_pt2024-03-11 00:00:00to2024-03-11 00:00:00.xlsx,,
600,40,2024-10,Group of Goldline,21.0,,,21,Customer_by_SrcNumberRoute_pt2024-03-11 00:00:00to2024-03-11 00:00:00.xlsx,,
601,63,2024-10,Modulus,20.0,,,20,Customer_by_SrcNumberRoute_pt2024-03-11 00:00:00to2024-03-11 00:00:00.xlsx,,
602,105,2024-10,Vodafone Ltd,19.0,,,19,Customer_by_SrcNumberRoute_pt2024-03-11 00:00:00to2024-03-11 00:00:00.xlsx,,
603,10,2024-10,Apelby,18.0,,,18,Customer_by_SrcNumberRoute_pt2024-03-11 00:00:00to2024-03-11 00:00:00.xlsx,,
604,103,2024-10,Verge Communications,17.0,,,17,Customer_by_SrcNumberRoute_pt2024-03-11 00:00:00to2024-03-11 00:00:00.xlsx,,
605,86,2024-10,Sipstatus Corporation,16.0,,,16,Customer_by_SrcNumberRoute_pt2024-03-11 00:00:00to2024-03-11 00:00:00.xlsx,,
606,6,2024-10,AMAZON DIDs CUSTOMER,16.0,,,16,Customer_by_SrcNumberRoute_pt2024-03-11 00:00:00to2024-03-11 00:00:00.xlsx,,
607,99,2024-10,Trilogy Dominicana S.A.,15.0,,,15,Customer_by_SrcNumberRoute_pt2024-03-11 00:00:00to2024-03-11 00:00:00.xlsx,,
608,27,2024-10,CommPeak,15.0,,,15,Customer_by_SrcNumberRoute_pt2024-03-11 00:00:00to2024-03-11 00:00:00.xlsx,,
609,39,2024-10,Graycom Special,11.0,,2.0,13,Customer_by_SrcNumberRoute_pt2024-03-11 00:00:00to2024-03-11 00:00:00.xlsx,,
610,14,2024-10,Atheeb,12.0,,,12,Customer_by_SrcNumberRoute_pt2024-03-11 00:00:00to2024-03-11 00:00:00.xlsx,,
611,8,2024-10,Alcasagar,11.0,,,11,Customer_by_SrcNumberRoute_pt2024-03-11 00:00:00to2024-03-11 00:00:00.xlsx,,
612,109,2024-10,Zoomtel Platinum,7.0,,4.0,11,Customer_by_SrcNumberRoute_pt2024-03-11 00:00:00to2024-03-11 00:00:00.xlsx,,
613,49,2024-10,Identidad Promo CLIENTE,9.0,,,9,Customer_by_SrcNumberRoute_pt2024-03-11 00:00:00to2024-03-11 00:00:00.xlsx,,
614,51,2024-10,Identidad Promo JM HT CLIENTE,7.0,,2.0,9,Customer_by_SrcNumberRoute_pt2024-03-11 00:00:00to2024-03-11 00:00:00.xlsx,,
615,79,2024-10,Qxtel ASIA,8.0,,,8,Customer_by_SrcNumberRoute_pt2024-03-11 00:00:00to2024-03-11 00:00:00.xlsx,,
616,19,2024-10,CJC Global Connections Limited,8.0,,,8,Customer_by_SrcNumberRoute_pt2024-03-11 00:00:00to2024-03-11 00:00:00.xlsx,,
617,52,2024-10,Identidad Promo JM SG CLIENTE ,8.0,,,8,Customer_by_SrcNumberRoute_pt2024-03-11 00:00:00to2024-03-11 00:00:00.xlsx,,
618,1,2024-10,382 Communications,8.0,,,8,Customer_by_SrcNumberRoute_pt2024-03-11 00:00:00to2024-03-11 00:00:00.xlsx,,
619,107,2024-10,Zoomtel LLC,7.0,,,7,Customer_by_SrcNumberRoute_pt2024-03-11 00:00:00to2024-03-11 00:00:00.xlsx,,
620,22,2024-10,Capital City Service Limited,7.0,,,7,Customer_by_SrcNumberRoute_pt2024-03-11 00:00:00to2024-03-11 00:00:00.xlsx,,
621,26,2024-10,Codetel,7.0,,,7,Customer_by_SrcNumberRoute_pt2024-03-11 00:00:00to2024-03-11 00:00:00.xlsx,,
622,66,2024-10,Network Ip,6.0,,,6,Customer_by_SrcNumberRoute_pt2024-03-11 00:00:00to2024-03-11 00:00:00.xlsx,,
623,24,2024-10,China Mobile International Ltd.,5.0,,,5,Customer_by_SrcNumberRoute_pt2024-03-11 00:00:00to2024-03-11 00:00:00.xlsx,,
624,93,2024-10,TSTT,3.0,2.0,,5,Customer_by_SrcNumberRoute_pt2024-03-11 00:00:00to2024-03-11 00:00:00.xlsx,,
625,21,2024-10,Cable Onda SA,5.0,,,5,Customer_by_SrcNumberRoute_pt2024-03-11 00:00:00to2024-03-11 00:00:00.xlsx,,
626,23,2024-10,China Mobile International,5.0,,,5,Customer_by_SrcNumberRoute_pt2024-03-11 00:00:00to2024-03-11 00:00:00.xlsx,,
627,88,2024-10,T-Mobile WIT,1.0,3.0,1.0,5,Customer_by_SrcNumberRoute_pt2024-03-11 00:00:00to2024-03-11 00:00:00.xlsx,,
628,91,2024-10,TNZI,5.0,,,5,Customer_by_SrcNumberRoute_pt2024-03-11 00:00:00to2024-03-11 00:00:00.xlsx,,
629,106,2024-10,VoxCarrier Limited,4.0,,,4,Customer_by_SrcNumberRoute_pt2024-03-11 00:00:00to2024-03-11 00:00:00.xlsx,,
630,25,2024-10,Cima Telecom,4.0,,,4,Customer_by_SrcNumberRoute_pt2024-03-11 00:00:00to2024-03-11 00:00:00.xlsx,,
631,57,2024-10,Last Mile Corp LLA,4.0,,,4,Customer_by_SrcNumberRoute_pt2024-03-11 00:00:00to2024-03-11 00:00:00.xlsx,,
632,0,2024-10,10Tel LLC CUSTOMER,1.0,2.0,,3,Customer_by_SrcNumberRoute_pt2024-03-11 00:00:00to2024-03-11 00:00:00.xlsx,,
633,41,2024-10,HGC Premium,3.0,,,3,Customer_by_SrcNumberRoute_pt2024-03-11 00:00:00to2024-03-11 00:00:00.xlsx,,
634,102,2024-10,VR Telecom S.L,,,3.0,3,Customer_by_SrcNumberRoute_pt2024-03-11 00:00:00to2024-03-11 00:00:00.xlsx,,
635,13,2024-10,Ariatel Loop,3.0,,,3,Customer_by_SrcNumberRoute_pt2024-03-11 00:00:00to2024-03-11 00:00:00.xlsx,,
636,71,2024-10,Orange Telecom,2.0,,,2,Customer_by_SrcNumberRoute_pt2024-03-11 00:00:00to2024-03-11 00:00:00.xlsx,,
637,76,2024-10,Peace Communication RETURN,2.0,,,2,Customer_by_SrcNumberRoute_pt2024-03-11 00:00:00to2024-03-11 00:00:00.xlsx,,
638,46,2024-10,Identidad Promo 91 CLIENTE,2.0,,,2,Customer_by_SrcNumberRoute_pt2024-03-11 00:00:00to2024-03-11 00:00:00.xlsx,,
639,37,2024-10,GmTelecom,2.0,,,2,Customer_by_SrcNumberRoute_pt2024-03-11 00:00:00to2024-03-11 00:00:00.xlsx,,
640,9,2024-10,Andros Lakeside RETURN,2.0,,,2,Customer_by_SrcNumberRoute_pt2024-03-11 00:00:00to2024-03-11 00:00:00.xlsx,,
641,36,2024-10,Flow Jamaica Columbus Networks DID AMAZON,1.0,,,1,Customer_by_SrcNumberRoute_pt2024-03-11 00:00:00to2024-03-11 00:00:00.xlsx,,
642,47,2024-10,Identidad Promo 93 CLIENTE,1.0,,,1,Customer_by_SrcNumberRoute_pt2024-03-11 00:00:00to2024-03-11 00:00:00.xlsx,,
643,82,2024-10,Qxtel Limited LLA_DID CUSTOMER,1.0,,,1,Customer_by_SrcNumberRoute_pt2024-03-11 00:00:00to2024-03-11 00:00:00.xlsx,,
644,78,2024-10,Phonetic Limited USD,1.0,,,1,Customer_by_SrcNumberRoute_pt2024-03-11 00:00:00to2024-03-11 00:00:00.xlsx,,
645,11,2024-10,Arelion U.S. Inc.,1.0,,,1,Customer_by_SrcNumberRoute_pt2024-03-11 00:00:00to2024-03-11 00:00:00.xlsx,,
646,89,2024-10,TELECOM ITALIA USD,1.0,,,1,Customer_by_SrcNumberRoute_pt2024-03-11 00:00:00to2024-03-11 00:00:00.xlsx,,
